name,price,daily_interest_percentage,weekly_interest_percentage,market_cap,daily_volume
Bitcoin,"$43,858.08",+0.91%,+18.74%,"$831,264,413,288","$22,745,751,592"
Ethereum,"$3,184.50",+3.19%,+19.28%,"$380,601,495,794","$13,614,378,473"
Tether,$1.00,+0.00%,+0.04%,"$78,099,297,786","$52,350,411,791"
BNB,$416.86,+1.38%,+13.68%,"$68,830,927,970","$1,533,649,639"
USD Coin,$1.00,-0.02%,-0.01%,"$51,862,789,459","$2,881,778,312"
XRP,$0.8648,+1.83%,+43.68%,"$41,367,017,823","$3,331,374,467"
Cardano,$1.18,+1.65%,+14.16%,"$39,540,369,783","$1,176,597,244"
Solana,$111.24,-0.43%,+13.50%,"$35,313,847,172","$1,798,700,288"
Terra,$55.87,+0.30%,+15.41%,"$22,423,959,416","$1,338,222,459"
Avalanche,$89.05,+2.12%,+30.86%,"$21,842,572,910","$941,129,297"
Polkadot,$21.55,+0.89%,+17.00%,"$21,277,528,340","$939,026,760"
Dogecoin,$0.1578,+1.05%,+14.34%,"$20,929,820,912","$765,551,002"
Shiba Inu,$0.00003252,+3.71%,+58.10%,"$17,858,228,525","$2,157,996,946"
Binance USD,$0.999,-0.01%,-0.04%,"$17,312,455,500","$3,580,620,116"
Polygon,$1.97,+2.98%,+28.97%,"$14,734,318,509","$1,426,323,164"
Crypto.com Coin,$0.511,+5.23%,+27.89%,"$12,908,634,005","$167,061,083"
Wrapped Bitcoin,"$43,916.04",+0.99%,+19.02%,"$11,502,240,766","$155,982,420"
TerraUSD,$1.00,+0.23%,-0.01%,"$11,268,240,734","$224,416,813"
Dai,$0.9996,-0.02%,-0.02%,"$10,197,165,345","$328,248,810"
Litecoin,$137.39,+1.84%,+26.85%,"$9,563,239,825","$994,689,912"
Cosmos,$30.31,+1.37%,+16.49%,"$8,679,550,419","$612,970,446"
Chainlink,$18.14,+0.88%,+15.57%,"$8,470,268,168","$575,574,936"
NEAR Protocol,$12.54,+1.02%,+18.31%,"$7,953,980,152","$461,984,384"
Uniswap,$12.07,+2.19%,+15.76%,"$7,621,529,535","$223,437,930"
TRON,$0.06922,+2.31%,+17.57%,"$7,046,284,746","$1,118,296,013"
Algorand,$1.02,+1.68%,+10.80%,"$6,725,850,945","$257,057,749"
FTX Token,$47.29,+2.92%,+11.03%,"$6,526,522,403","$152,470,058"
Bitcoin Cash,$339.55,+2.35%,+21.76%,"$6,444,208,439","$4,159,562,537"
UNUS SED LEO,$6.47,-13.02%,+55.08%,"$6,175,636,587","$18,531,888"
Decentraland,$3.26,-2.55%,+32.19%,"$5,970,275,145","$784,447,833"
Stellar,$0.2358,-0.82%,+22.65%,"$5,870,344,200","$342,105,845"
Fantom,$2.22,+2.45%,+15.95%,"$5,651,265,175","$625,542,304"
The Sandbox,$4.62,-0.12%,+28.77%,"$4,782,687,265","$823,027,389"
Ethereum Classic,$35.46,+11.58%,+36.11%,"$4,710,705,578","$861,951,907"
Bitcoin BEP2,"$43,799.29",+0.74%,+18.91%,"$4,605,464,540","$26,406,910"
Hedera,$0.2524,+1.34%,+14.38%,"$4,565,960,456","$65,481,217"
Internet Computer,$22.54,-0.94%,+6.96%,"$4,513,884,628","$189,400,225"
VeChain,$0.06584,+3.13%,+27.21%,"$4,234,728,810","$248,138,108"
Tezos,$4.51,+1.85%,+20.02%,"$3,959,242,780","$293,652,522"
Axie Infinity,$64.88,+0.94%,+33.94%,"$3,951,926,003","$454,953,438"
Elrond,$186.82,+7.69%,+33.92%,"$3,869,365,994","$144,649,904"
Filecoin,$23.68,-1.40%,+17.80%,"$3,768,995,600","$375,780,187"
Theta Network,$3.36,+2.04%,+22.92%,"$3,357,412,706","$181,329,652"
Helium,$30.34,+5.46%,+22.69%,"$3,346,370,661","$25,857,449"
Monero,$183.27,+3.08%,+26.72%,"$3,312,820,065","$137,495,317"
Klaytn,$1.21,+3.31%,+6.55%,"$3,190,644,505","$49,051,300"
IOTA,$0.9892,-2.59%,+16.63%,"$2,749,500,074","$51,732,572"
Harmony,$0.2248,+7.31%,+28.02%,"$2,629,917,804","$157,385,607"
EOS,$2.66,+2.05%,+17.02%,"$2,608,752,347","$304,656,823"
Flow,$8.06,+12.68%,+36.57%,"$2,563,204,147","$545,320,186"
Gala,$0.3643,-1.66%,+99.19%,"$2,541,589,683","$1,209,524,208"
Aave,$183.79,+1.65%,+22.60%,"$2,480,453,387","$159,523,648"
Stacks,$1.74,+6.42%,+24.00%,"$2,261,633,250","$62,627,818"
The Graph,$0.4783,+2.55%,+19.52%,"$2,255,685,851","$85,991,448"
PancakeSwap,$8.13,+1.43%,+12.64%,"$2,164,555,731","$118,038,399"
Maker,"$2,205.19",+1.73%,+1.96%,"$2,154,952,357","$52,883,077"
BitTorrent (New),$0.000002304,+2.15%,+10.97%,"$2,152,635,429","$36,586,647"
Bitcoin SV,$100.37,+0.60%,+11.53%,"$1,903,565,819","$88,535,844"
Quant,$150.92,+4.77%,+29.00%,"$1,820,032,908","$47,665,121"
Enjin Coin,$2.10,+1.72%,+25.09%,"$1,788,567,379","$215,116,586"
eCash,$0.00009414,-1.43%,+22.98%,"$1,786,314,536","$27,713,039"
Neo,$25.02,+9.85%,+27.28%,"$1,764,952,296","$172,663,723"
Zcash,$125.72,-3.87%,+27.87%,"$1,723,873,601","$280,238,256"
KuCoin Token,$20.75,+3.36%,+17.13%,"$1,662,479,983","$12,569,686"
Kadena,$9.57,+7.20%,+76.74%,"$1,606,434,554","$104,976,978"
Kusama,$188.02,-0.12%,+18.90%,"$1,592,517,548","$49,305,324"
THORChain,$4.81,+0.90%,+25.89%,"$1,591,264,797","$29,275,022"
Huobi Token,$10.01,+0.02%,+8.53%,"$1,568,216,235","$39,414,035"
Curve DAO Token,$3.37,-1.01%,+9.51%,"$1,493,084,615","$232,172,824"
TrueUSD,$0.9998,-0.01%,-0.04%,"$1,473,538,332","$159,991,818"
Convex Finance,$28.93,+0.15%,+11.31%,"$1,428,394,949","$20,971,287"
Chiliz,$0.2388,+8.89%,+32.32%,"$1,426,754,542","$232,036,369"
Loopring,$1.06,+0.03%,+22.65%,"$1,411,513,423","$228,476,500"
Basic Attention Token,$0.9257,+1.56%,+13.82%,"$1,383,797,220","$92,197,460"
OKB,$23.06,+0.12%,+10.80%,"$1,383,683,049","$77,108,257"
Celo,$3.37,+2.78%,+12.84%,"$1,373,437,843","$78,044,763"
Amp,$0.0312,+1.72%,+8.29%,"$1,317,529,675","$15,841,772"
Arweave,$38.80,+7.05%,+12.69%,"$1,295,742,918","$63,186,383"
Oasis Network,$0.3701,+2.57%,+18.46%,"$1,292,837,779","$142,660,919"
Nexo,$2.27,+6.02%,+16.07%,"$1,272,299,779","$8,718,573"
Waves,$11.61,+13.56%,+35.68%,"$1,247,744,875","$423,375,306"
Dash,$113.20,+1.34%,+22.19%,"$1,196,705,152","$176,325,220"
Theta Fuel,$0.2074,+0.28%,+26.47%,"$1,100,510,438","$53,414,116"
Mina,$2.88,-1.35%,+20.14%,"$1,076,687,497","$30,352,845"
NEM,$0.1185,+2.35%,+16.83%,"$1,066,508,972","$22,597,585"
Symbol,$0.1843,+1.59%,+4.98%,"$1,028,766,974","$6,295,049"
Secret,$6.86,+9.95%,+36.77%,"$1,027,995,538","$38,092,330"
IoTeX,$0.107,-2.17%,+47.97%,"$1,021,264,650","$111,763,764"
Holo,$0.005618,-0.82%,+31.12%,"$972,820,143","$74,344,452"
BORA,$1.12,-4.44%,+10.01%,"$967,183,352","$257,160,419"
Pax Dollar,$0.9973,-0.34%,-0.30%,"$943,086,485","$7,104,928"
Compound,$143.20,-1.39%,+20.47%,"$939,103,413","$62,368,031"
Decred,$68.17,+1.75%,+8.64%,"$937,480,219","$4,342,353"
yearn.finance,"$25,550.46",+1.70%,+12.17%,"$936,110,520","$96,764,125"
1inch Network,$1.92,+3.35%,+18.83%,"$900,425,528","$81,768,533"
XDC Network,$0.06413,-0.82%,+15.70%,"$789,127,694","$10,350,278"
Celsius,$3.26,+6.99%,+35.95%,"$779,073,602","$3,747,882"
Ravencoin,$0.07436,-0.53%,+14.85%,"$778,743,254","$28,235,635"
OMG Network,$5.33,+1.21%,+16.00%,"$747,356,641","$225,267,089"
Qtum,$7.49,+7.43%,+24.45%,"$741,125,363","$111,193,316"
Velas,$0.3223,+12.67%,+33.49%,"$727,853,111","$11,194,278"
Livepeer,$33.51,+8.68%,+26.80%,"$709,305,079","$49,160,855"
renBTC,"$44,075.74",+1.10%,+18.89%,"$708,883,213","$1,454,121"
Audius,$1.16,+7.93%,+27.31%,"$703,948,582","$15,638,891"
WAX,$0.3648,+1.97%,+11.11%,"$703,668,049","$31,371,014"
Zilliqa,$0.05609,+3.09%,+28.27%,"$694,366,456","$39,649,431"
Ankr,$0.08496,+0.01%,+14.05%,"$693,484,588","$48,517,876"
Bancor,$2.79,+1.47%,+16.64%,"$693,261,021","$14,567,426"
Render Token,$3.25,-1.30%,-1.53%,"$693,046,733","$47,887,421"
Gnosis,$353.49,+5.17%,+24.27%,"$659,267,770","$7,252,939"
Synthetix,$5.63,+4.25%,+8.13%,"$647,121,512","$49,760,649"
APENFT,$0.000002335,+0.47%,+19.89%,"$647,040,305","$218,463,527"
Bitcoin Gold,$36.73,+5.17%,+25.32%,"$643,288,697","$28,415,804"
Immutable X,$2.81,+2.67%,-14.73%,"$633,703,791","$63,938,105"
Revain,$0.007437,-0.06%,+35.79%,"$632,590,862","$2,740,717"
WOO Network,$0.7035,-6.21%,+35.02%,"$628,456,254","$43,583,626"
SwissBorg,$0.6219,-0.72%,+3.01%,"$621,864,239","$966,555"
Rally,$0.257,+3.23%,+15.20%,"$620,951,289","$4,581,196"
Dogelon Mars,$0.000001097,+3.11%,+38.68%,"$608,395,131","$17,082,337"
SushiSwap,$4.75,+2.13%,+17.42%,"$604,369,945","$141,613,199"
ICON,$0.8485,+1.13%,+21.03%,"$598,887,951","$17,179,627"
0x,$0.7053,+4.59%,+23.16%,"$597,701,857","$42,386,385"
Siacoin,$0.01185,+1.49%,+19.51%,"$594,069,066","$18,824,419"
Voyager Token,$2.12,+4.23%,+18.85%,"$589,725,652","$8,010,536"
Spell Token,$0.007109,-2.36%,+18.35%,"$585,782,147","$83,609,188"
Horizen,$48.21,+1.13%,+28.48%,"$580,936,340","$32,935,668"
Kava,$3.71,-0.22%,+17.29%,"$566,274,757","$83,129,480"
Syscoin,$0.8842,+6.13%,+25.60%,"$559,683,588","$18,700,889"
GateToken,$6.95,+1.10%,+2.77%,"$543,535,680","$6,297,358"
dYdX,$8.17,+9.71%,+40.22%,"$535,580,070","$239,271,050"
IOST,$0.02953,-0.55%,+18.54%,"$534,516,529","$35,213,055"
Ontology,$0.59,-0.63%,+24.33%,"$516,391,699","$62,744,323"
Telcoin,$0.008607,+9.85%,+23.56%,"$508,614,478","$10,257,376"
Storj,$1.32,-2.34%,+16.24%,"$506,669,112","$28,099,048"
Nervos Network,$0.01671,+2.58%,+12.61%,"$496,670,947","$8,383,912"
Perpetual Protocol,$6.53,+0.66%,+9.68%,"$486,204,518","$15,110,718"
Moonbeam,$5.77,+2.02%,+17.08%,"$472,838,716","$29,018,464"
Illuvium,$717.81,+3.49%,+23.68%,"$461,475,575","$28,162,185"
SKALE Network,$0.1408,+7.45%,+30.81%,"$452,843,138","$19,102,397"
Keep Network,$0.7131,+24.46%,+72.29%,"$450,198,130","$276,965,422"
Hive,$1.14,-0.09%,-8.02%,"$448,852,808","$10,015,010"
Neutrino USD,$0.9858,+0.32%,+0.86%,"$447,588,836","$17,404,118"
SuperFarm,$1.09,+7.97%,+68.49%,"$440,004,108","$67,785,344"
ConstitutionDAO,$0.08665,+2.76%,+15.37%,"$438,470,906","$214,038,984"
Polymath,$0.4828,+2.10%,+18.40%,"$433,786,748","$11,042,485"
UMA,$6.53,+0.91%,+19.92%,"$426,170,515","$13,631,176"
NuCypher,$0.6009,+12.74%,+24.39%,"$422,439,734","$312,259,016"
Fei USD,$0.993,-0.33%,+0.21%,"$422,011,432","$28,340,837"
JUST,$0.05721,+3.48%,+38.31%,"$417,629,147","$150,925,846"
Ethereum Name Service,$20.55,+3.43%,+16.00%,"$416,127,379","$69,974,494"
DigiByte,$0.02753,+5.35%,+31.15%,"$415,247,352","$32,020,520"
Flux,$1.82,+0.10%,+22.88%,"$412,566,930","$25,374,172"
Anchor Protocol,$1.81,+10.26%,+36.11%,"$402,809,663","$23,427,022"
Golem,$0.4009,+2.55%,+15.18%,"$400,946,988","$11,239,268"
Ocean Protocol,$0.6461,+4.52%,+21.10%,"$396,105,376","$27,142,075"
Ren,$0.3948,+5.90%,+29.51%,"$393,815,570","$43,014,027"
Celer Network,$0.05771,+4.52%,+16.92%,"$376,344,632","$52,133,807"
DigitalBits,$0.4244,+4.92%,+18.51%,"$371,214,135","$1,615,478"
PAX Gold,"$1,840.96",+0.44%,+1.64%,"$364,268,618","$8,954,733"
Ultra,$1.27,+1.43%,+25.33%,"$360,397,951","$4,939,341"
Frax Share,$22.05,+5.35%,+8.55%,"$357,468,574","$9,768,288"
Chromia,$0.6252,-3.01%,+21.76%,"$355,398,044","$76,706,965"
OpenDAO,$0.000003545,+8.73%,+7.96%,"$353,110,390","$51,118,114"
Vulcan Forged PYR,$14.59,+4.53%,+25.51%,"$349,299,507","$49,402,186"
PlayDapp,$1.15,+0.02%,+26.86%,"$347,833,704","$31,933,769"
WINkLink,$0.0003583,+3.04%,+21.10%,"$344,581,449","$288,461,503"
Coin98,$1.87,+2.69%,+18.36%,"$344,547,886","$44,320,289"
Serum,$2.57,+2.40%,+15.41%,"$342,466,315","$74,761,849"
Kyber Network Crystal v2,$1.89,-0.71%,+3.52%,"$336,926,920","$41,325,821"
Raydium,$4.04,+3.26%,+13.06%,"$334,365,993","$33,473,427"
COTI,$0.3162,+3.91%,+13.62%,"$331,416,148","$27,599,922"
Braintrust,$3.75,-6.93%,-9.16%,"$330,104,087","$2,206,272"
Dent,$0.003266,-0.71%,+31.42%,"$323,376,367","$46,881,682"
Tribe,$0.7106,-1.69%,+4.54%,"$322,230,571","$4,949,410"
WazirX,$0.9734,+0.40%,+5.89%,"$316,400,915","$13,086,009"
Nano,$2.37,-0.18%,+12.89%,"$315,183,740","$25,484,742"
CEEK VR,$0.4226,+18.60%,+34.42%,"$314,483,104","$23,859,447"
Moonriver,$103.27,+6.20%,+41.05%,"$313,297,961","$23,846,247"
Casper,$0.08858,-3.03%,+5.78%,"$306,619,537","$9,190,314"
Yield Guild Games,$3.57,-1.20%,+11.89%,"$304,884,476","$39,613,715"
Fetch.ai,$0.4084,+5.29%,+32.64%,"$304,677,850","$30,402,134"
Aragon,$7.62,+2.74%,-0.69%,"$301,997,088","$50,852,872"
XYO,$0.0235,+6.90%,+16.93%,"$301,911,912","$11,927,755"
Swipe,$1.52,+0.86%,+13.86%,"$294,299,818","$64,271,256"
Request,$0.2853,+1.50%,+29.40%,"$285,296,054","$33,403,099"
Powerledger,$0.5874,+0.83%,+8.22%,"$273,051,136","$36,117,560"
OriginTrail,$0.7461,-0.27%,+18.50%,"$271,583,837","$1,382,412"
Boba Network,$1.71,+0.89%,+10.36%,"$270,089,763","$3,946,509"
MyNeighborAlice,$8.77,-1.27%,+30.14%,"$268,435,570","$167,557,972"
Reserve Rights,$0.02023,+1.56%,+18.16%,"$266,183,707","$22,678,581"
Rari Governance Token,$21.52,+3.49%,+6.43%,"$261,201,819","$3,509,959"
Function X,$0.6319,+2.31%,+11.79%,"$258,139,048","$3,030,583"
Lisk,$1.97,+6.93%,+23.00%,"$254,327,036","$5,670,039"
Persistence,$3.19,+0.64%,+4.08%,"$253,321,773","$776,525"
Cartesi,$0.5332,+1.06%,+26.80%,"$252,011,011","$29,703,518"
Chia,$81.07,-2.84%,+3.33%,"$250,169,856","$9,537,524"
MediBloc,$0.04636,-0.98%,+12.92%,"$249,507,684","$12,099,565"
MOBOX,$3.11,-0.65%,+14.10%,"$248,288,583","$64,693,202"
Constellation,$0.1958,+8.13%,+9.92%,"$248,080,055","$2,095,487"
Biconomy,$2.22,-0.44%,+15.94%,"$237,797,390","$41,181,294"
HEX,$0.2107,+2.48%,+9.36%,"$36,532,308,623","$21,017,176"
Lido stETH,"$3,174.43",+3.10%,+19.29%,"$5,853,425,767","$331,128"
Toncoin,$2.82,+1.74%,+4.21%,"$3,442,709,757","$3,522,054"
Frax,$0.9992,+0.12%,+0.03%,"$2,651,127,891","$36,995,697"
Osmosis,$8.92,+1.95%,+20.79%,"$2,520,906,515","$48,560,951"
Wrapped BNB,$416.73,+1.86%,+14.17%,"$2,325,793,440","$421,165,242"
BitTorrent,$0.002333,+1.01%,+4.53%,"$2,310,114,981","$64,996"
Huobi BTC,"$43,753.14",+0.65%,+17.92%,"$1,745,053,792","$2,213,235"
yOUcash,$0.1589,+0.07%,+1.37%,"$1,241,710,000","$262,663"
ECOMI,$0.007082,+2.13%,+6.54%,"$1,177,567,088","$3,762,807"
DeFiChain,$3.49,+5.67%,+39.17%,"$1,049,710,795","$3,439,441"
Counos X,$58.28,+0.01%,+1.75%,"$1,042,396,456",$566
Sperax,$0.1903,+8.72%,+43.07%,"$949,499,537","$3,038,119"
BitDAO,$1.60,+1.08%,+9.30%,"$935,976,767","$46,703,427"
LINK,$152.99,+5.32%,+32.57%,"$914,266,338","$1,354,404"
SafeMoon,$0.000001502,+37.46%,+25.30%,"$879,703,671","$156,298"
WEMIX,$6.56,-1.96%,+17.77%,"$808,904,900","$753,769,324"
Venus BNB,$8.98,+1.41%,+13.72%,"$756,958,455",N/A
The Transfer Token,$7.19,-3.06%,+8.59%,"$753,635,505","$616,749"
Liquity USD,$1.00,+0.01%,-0.72%,"$722,890,531","$5,457,346"
NXM,$106.76,+3.16%,+19.06%,"$705,621,033","$82,373"
KOK,$5.54,+0.34%,-0.04%,"$594,392,418","$7,230,518"
Anyswap,$24.84,+1.60%,+21.07%,"$462,954,774","$13,335,615"
Radio Caca,$0.002276,+2.50%,+19.08%,"$434,194,016","$36,336,001"
Decentralized Social,$48.82,-2.70%,+4.23%,"$433,714,411","$716,952"
WhiteCoin,$0.5533,+0.03%,-2.30%,"$411,793,487","$6,277,194"
Alitas,$6.79,-1.70%,-28.35%,"$407,449,640","$2,135,690"
HUSD,$1.00,-0.02%,-0.04%,"$394,060,085","$30,708,363"
UFO Gaming,$0.00001431,-1.27%,+8.79%,"$368,576,878","$12,398,673"
Rocket Pool,$35.62,+19.49%,+25.66%,"$366,170,696","$2,584,302"
MobileCoin,$4.78,-0.65%,+2.57%,"$354,544,974","$440,507"
Bitpanda Ecosystem Token,$0.9014,+0.34%,+1.32%,"$325,475,812","$81,845"
Telos,$1.20,-7.53%,+8.72%,"$323,617,098","$5,224,165"
MetisDAO,$147.21,+2.54%,+34.09%,"$305,105,468","$38,634,703"
Sapphire,$0.5356,+0.91%,+30.52%,"$287,916,065","$861,907"
Bifrost (BFC),$0.2574,+11.90%,+31.73%,"$283,799,588","$10,759,028"
Metahero,$0.05251,+3.45%,+9.49%,"$267,575,490","$7,104,461"
Everscale,$0.2899,-1.76%,+0.11%,"$265,812,080","$1,226,018"
LUKSO,$17.11,-3.98%,+9.85%,"$260,238,978","$1,918,125"
Aurora,$12.62,-2.06%,-2.92%,"$256,287,399","$10,420,326"
Starlink,$0.00002554,-1.43%,+7.31%,"$254,851,279","$10,057,101"
Origin Dollar,$0.996,+0.01%,-0.00%,"$253,312,733","$1,474,023"
GlitzKoin,$1.01,+3.30%,+9.28%,"$250,325,413","$273,508"
Victoria VR,$0.3406,-4.98%,-1.07%,"$241,911,494","$5,893,233"
MXC,$0.08948,+0.74%,+13.62%,"$236,427,292","$17,068,741"
Injective,$4.86,+0.81%,+21.69%,"$236,258,837","$13,620,472"
JOE,$1.40,+6.36%,+10.01%,"$233,772,112","$17,103,950"
Dvision Network,$0.7587,+0.63%,+18.12%,"$231,633,541","$2,028,112"
Gemini Dollar,$0.9985,+0.01%,+0.33%,"$227,932,464","$5,193,998"
Reef,$0.01247,+3.05%,+29.40%,"$224,868,342","$32,018,399"
Mdex,$0.2644,+3.06%,+18.75%,"$223,995,122","$8,278,981"
Ardor,$0.2235,+1.85%,+17.09%,"$223,231,743","$9,871,017"
Orbs,$0.07725,+0.67%,+18.80%,"$222,232,354","$2,850,575"
Pundi X (New),$0.8527,+1.40%,+8.13%,"$220,428,665","$16,752,726"
Divi,$0.08014,+0.83%,+14.36%,"$218,933,103","$272,409"
Alchemy Pay,$0.05461,+17.98%,+48.00%,"$218,896,654","$162,164,946"
Civic,$0.3265,+6.85%,+12.94%,"$218,762,123","$46,423,640"
MaidSafeCoin,$0.4815,+1.00%,+27.94%,"$217,904,643","$7,410"
Status,$0.06276,-1.24%,+26.23%,"$217,823,784","$18,783,035"
Dusk Network,$0.558,+3.46%,+20.24%,"$217,342,464","$32,713,945"
Pirate Chain,$1.14,+23.54%,+71.11%,"$216,381,878","$1,140,685"
Trust Wallet Token,$0.6179,+0.64%,+14.91%,"$214,387,449","$8,773,541"
Phantasma,$2.03,-5.38%,+54.53%,"$211,855,141","$4,875,630"
YooShi,$0.0000005601,+1.15%,+18.87%,"$210,017,464","$3,591,979"
aelf,$0.3857,+1.17%,+11.55%,"$209,984,205","$14,355,031"
Propy,$2.80,+26.32%,+35.08%,"$206,981,881","$3,235,311"
Alpha Finance Lab,$0.4652,+8.28%,+26.65%,"$207,655,054","$19,232,466"
Verge,$0.01237,+7.55%,+28.36%,"$204,122,388","$6,141,867"
Orchid,$0.2944,+7.67%,+26.89%,"$203,353,702","$51,983,631"
Bitcoin Standard Hashrate Token,$17.67,+5.87%,+17.37%,"$201,754,236","$5,620,497"
Energy Web Token,$6.70,+3.05%,+17.65%,"$201,460,080","$1,796,108"
Mask Network,$6.89,+1.26%,+22.83%,"$200,736,477","$40,786,440"
Orbit Chain,$0.3424,+0.25%,+15.84%,"$200,353,507","$1,340,234"
Astar,$0.1284,+3.11%,+8.77%,"$200,058,626","$2,892,123"
Alchemix,$179.28,+2.76%,+13.64%,"$198,055,017","$7,762,009"
Bloktopia,$0.02367,-2.92%,-13.57%,"$197,412,589","$21,030,781"
VeThor Token,$0.004341,+10.68%,+30.38%,"$197,371,615","$11,408,900"
HedgeTrade,$0.5656,-0.63%,+4.83%,"$197,231,175","$60,227"
Seedify.fund,$8.03,+4.89%,+36.00%,"$197,056,165","$4,534,490"
Bitcoin Diamond,$1.04,-1.53%,+19.49%,"$193,495,173","$1,950,227"
Humanscape,$0.2707,-3.12%,+11.74%,"$192,574,327","$13,289,373"
Tether Gold,"$1,816.27",+0.38%,+0.54%,"$191,705,185","$1,039,747"
RMRK,$20.18,+1.45%,+31.20%,"$191,675,379","$7,170,463"
JasmyCoin,$0.04018,-0.60%,-2.97%,"$191,072,595","$91,067,727"
Wilder World,$2.28,+13.01%,+42.08%,"$191,056,747","$5,539,483"
Conflux,$0.1332,+0.61%,+24.03%,"$189,555,758","$10,272,007"
Akash Network,$1.66,+1.54%,+15.98%,"$189,333,666","$1,231,106"
Ontology Gas,$0.6949,+0.63%,+11.26%,"$189,026,151","$6,676,784"
NKN,$0.2699,-0.85%,+35.66%,"$188,900,362","$16,877,932"
Veritaseum,$87.81,+21.19%,+10.09%,"$188,765,303","$61,885"
Hathor,$0.8307,+0.10%,+35.27%,"$188,145,136","$11,464,536"
XSGD,$0.7419,-0.43%,+0.31%,"$185,100,115","$864,854"
Venus BTC,$884.85,+0.75%,+18.88%,"$182,134,769",N/A
iExec RLC,$2.23,+1.56%,+21.12%,"$178,418,610","$14,593,540"
Keep3rV1,$884.66,+0.63%,+4.52%,"$176,932,767","$26,953,390"
Prometeus,$10.72,+3.77%,+17.56%,"$176,374,857","$4,077,780"
Sun (New),$0.01676,+1.02%,+13.79%,"$176,198,675","$57,025,855"
Mango,$0.1756,+4.35%,+20.34%,"$175,642,184","$1,150,705"
StormX,$0.01751,+6.17%,+19.65%,"$175,122,028","$9,145,670"
ASD,$0.2649,+3.17%,+6.16%,"$174,979,599","$2,242,251"
ASD,$0.2648,+3.51%,+6.14%,"$174,929,993","$2,235,064"
Hxro,$0.4249,+1.28%,+7.26%,"$173,143,475","$142,951"
Orion Protocol,$4.18,+3.02%,+9.23%,"$171,920,650","$9,372,941"
inSure DeFi,$0.00636,+1.03%,+14.86%,"$170,397,079","$1,520,123"
PlatON,$0.07337,-2.31%,+2.77%,"$169,328,702","$4,249,379"
Qredo,$3.86,+12.35%,+72.47%,"$167,422,800","$29,994,073"
Augur,$15.14,+1.05%,+1.24%,"$166,573,842","$13,355,914"
DEAPcoin,$0.0404,-0.66%,+10.03%,"$166,089,368","$5,414,966"
Polkastarter,$1.88,+2.85%,+26.47%,"$165,703,499","$6,875,363"
CENNZnet,$0.1376,-3.09%,+10.02%,"$165,073,904","$1,338,192"
Numeraire,$27.79,+4.47%,+20.62%,"$163,666,223","$34,241,900"
Stratis,$1.22,+5.97%,+18.44%,"$162,871,269","$12,615,764"
DAO Maker,$2.27,+3.04%,+3.72%,"$159,029,860","$5,068,225"
Safe,$7.60,+1.25%,-5.20%,"$158,334,969",N/A
Radicle,$6.00,-0.07%,+14.10%,"$155,592,994","$8,337,176"
Dawn Protocol,$2.13,+1.30%,+16.24%,"$154,745,530","$5,840,123"
Origin Protocol,$0.3987,+7.83%,+28.09%,"$154,930,515","$50,663,415"
Unibright,$1.03,+5.03%,+17.24%,"$154,796,489","$1,301,397"
KardiaChain,$0.04598,+0.62%,+9.91%,"$154,156,528","$1,085,003"
API3,$4.18,+12.19%,+24.22%,"$154,416,182","$25,788,384"
Beefy Finance,"$2,126.87",-1.24%,-4.96%,"$153,134,639","$1,949,420"
Decentral Games,$0.3887,+2.34%,+19.96%,"$152,795,490","$785,278"
Bonfida,$3.41,+56.54%,+48.28%,"$152,728,106","$148,203,845"
USDX [Kava],$0.9812,+0.34%,+0.55%,"$151,598,152","$465,511"
e-Radix,$0.2042,+2.54%,+24.59%,"$150,066,738","$2,102,894"
Badger DAO,$11.91,+2.03%,+16.58%,"$148,691,164","$7,482,274"
Standard Tokenization Protocol,$0.1022,+0.40%,+25.56%,"$148,465,940","$8,899,101"
CRYPTO20,$3.66,+2.65%,+16.50%,"$146,167,569","$164,601"
BakeryToken,$0.7465,+3.06%,+19.30%,"$144,475,055","$24,635,432"
Steem,$0.3645,+2.27%,+6.77%,"$143,978,415","$8,618,797"
Band Protocol,$4.09,+5.41%,+22.83%,"$143,850,161","$19,820,173"
Metadium,$0.08357,+0.24%,+17.10%,"$141,015,755","$3,388,287"
Electroneum,$0.007862,+1.06%,+17.58%,"$140,834,910","$171,602"
Verasity,$0.03125,+2.05%,+65.18%,"$139,687,981","$95,958,939"
Ark,$1.03,+0.77%,+9.62%,"$138,568,807","$3,216,763"
DeversiFi,$5.73,+0.85%,-0.88%,"$138,331,265","$14,239"
SOMESING,$0.05223,-0.38%,+19.05%,"$137,547,133","$5,972,954"
RSK Infrastructure Framework,$0.1653,+2.47%,+24.63%,"$137,104,692","$1,771,246"
Hyperion,$0.6725,+6.64%,+70.55%,"$137,038,154",$255
Dero,$12.20,+4.41%,+60.40%,"$136,339,068","$595,790"
Merit Circle,$3.20,+11.16%,+48.27%,"$136,116,190","$23,467,696"
SingularityNET,$0.1386,+0.20%,+7.27%,"$135,412,095","$3,968,298"
XCAD Network,$5.56,+2.61%,+25.98%,"$135,246,046","$2,130,025"
GXChain,$1.80,-5.28%,+25.75%,"$135,057,938","$32,983,290"
Wrapped NCG (Nine Chronicles Gold),$1.11,+4.77%,+5.36%,"$133,357,161","$5,145,161"
Decentral Games [Old],$384.32,-0.62%,+20.22%,"$133,243,361","$155,656"
IDEX,$0.2094,+11.89%,-34.77%,"$133,050,774","$164,794,511"
MVL,$0.009946,-0.64%,+12.04%,"$132,582,367","$1,771,870"
Chrono.tech,$186.45,-6.67%,-30.10%,"$132,397,161","$1,285,822"
Ellipsis,$0.2224,+21.12%,+40.37%,"$132,159,958","$24,501,340"
Aavegotchi,$2.08,+0.74%,+3.44%,"$131,944,716","$28,074,120"
Sport and Leisure,$0.1936,+3.10%,+20.54%,"$131,407,676","$1,110,168"
Rakon,$0.5396,+2.83%,+18.65%,"$131,042,880","$801,621"
Proton,$0.01438,+0.29%,+50.47%,"$130,693,560","$5,255,005"
Venus ETH,$64.38,+3.23%,+19.26%,"$130,939,321",N/A
Gitcoin,$9.08,+6.24%,+22.74%,"$128,985,092","$29,095,618"
Mines of Dalarnia,$1.04,-5.30%,+29.65%,"$128,156,384","$46,322,323"
Crabada,$1.85,+8.35%,+41.58%,"$128,067,422","$10,263,976"
Alien Worlds,$0.1394,+3.55%,+32.45%,"$127,427,197","$86,851,996"
Acala Token,$1.81,+5.99%,+47.13%,"$125,488,518","$14,794,802"
ssv.network,$12.45,+8.01%,+44.02%,"$124,486,600","$1,366,123"
Beta Finance,$0.4842,-0.20%,+9.11%,"$123,867,660","$38,381,284"
TrueFi,$0.2255,+5.30%,+21.85%,"$123,781,829","$7,808,078"
PEAKDEFI,$0.09665,-2.23%,+4.39%,"$123,174,079","$320,522"
FUNToken,$0.0111,+2.16%,+13.04%,"$122,030,016","$4,284,359"
AVINOC,$0.3121,+4.02%,+28.31%,"$121,499,182","$716,635"
Biswap,$0.6354,+1.63%,+4.79%,"$121,474,375","$7,986,007"
Utrust,$0.2619,+1.45%,+16.54%,"$120,496,445","$4,299,073"
Covalent,$0.4697,+3.00%,+23.14%,"$119,708,083","$1,468,048"
Venus,$9.94,+2.16%,+28.90%,"$119,692,859","$10,279,240"
TomoChain,$1.34,-1.11%,+22.66%,"$119,455,444","$6,271,139"
STASIS EURO,$1.14,-0.79%,-0.20%,"$118,969,473","$2,876,792"
Metal,$1.78,-2.89%,+11.29%,"$118,769,859","$23,340,385"
sUSD,$0.9993,+0.01%,-0.04%,"$118,312,170","$9,437,483"
Ergo,$3.69,+0.30%,+8.97%,"$118,212,057","$1,301,282"
DeFi Pulse Index,$210.48,+3.36%,+14.79%,"$117,654,120","$258,251"
Enzyme,$65.50,+6.64%,+20.31%,"$117,413,803","$7,236,510"
Vectorspace AI,$2.96,+4.76%,+14.18%,"$117,197,089","$359,773"
Ampleforth,$1.09,+2.72%,+11.13%,"$116,899,089","$2,037,339"
Strike,$37.39,+2.22%,-4.39%,"$116,291,899","$23,284,572"
QuarkChain,$0.01809,+1.73%,+14.73%,"$115,777,550","$2,104,601"
ABBC Coin,$0.1196,-0.15%,-1.17%,"$115,743,708","$36,189,822"
Star Atlas,$0.05316,+1.92%,+11.31%,"$114,819,252","$15,395,804"
KILT Protocol,$2.30,-1.97%,+23.97%,"$113,631,912","$1,045,417"
Smooth Love Potion,$0.02809,+42.29%,+203.23%,"$112,303,624","$2,078,149,438"
Sovryn,$5.32,+1.51%,+10.43%,"$111,968,421","$307,810"
Circuits of Value,$0.06193,-0.18%,+7.09%,"$110,650,013","$1,897,313"
Deeper Network,$0.1063,+2.93%,+4.10%,"$110,185,652","$2,015,755"
CUDOS,$0.03869,+9.75%,+44.92%,"$110,000,935","$1,064,154"
Sologenic,$0.5457,+0.62%,+40.43%,"$109,147,065","$781,589"
ARPA Chain,$0.08661,-0.24%,+47.01%,"$107,652,157","$43,492,189"
dKargo,$0.1052,-0.07%,+13.35%,"$107,068,207","$5,836,741"
Centrifuge,$0.5997,+0.97%,+2.25%,"$107,069,798","$303,902"
RSK Smart Bitcoin,"$43,780.81",+1.00%,+18.80%,"$106,357,581","$37,278"
RFOX,$0.08079,-1.86%,+38.11%,"$106,000,470","$1,903,333"
Handshake,$0.228,+3.23%,+13.69%,"$105,951,584","$327,648"
XeniosCoin,$1.38,-0.41%,+8.17%,"$105,227,893","$53,244"
Uquid Coin,$10.50,+1.82%,+11.74%,"$104,971,822","$7,467,236"
Presearch,$0.2623,+0.18%,+9.39%,"$104,031,291","$1,414,654"
Mirror Protocol,$1.33,+0.84%,+13.41%,"$103,648,994","$20,234,991"
Everipedia,$0.01032,+3.26%,+11.24%,"$103,435,603","$4,012,115"
Clover Finance,$0.396,+3.97%,+22.41%,"$103,347,312","$16,147,391"
Voxies,$1.79,+1.32%,+0.49%,"$102,815,351","$13,507,573"
Chainbing,$3.11,+10.78%,+10.82%,"$102,530,127","$285,487"
Aleph.im,$0.5471,+0.05%,+9.57%,"$102,433,599","$691,521"
Ribbon Finance,$1.99,+15.97%,+32.96%,"$101,825,813","$5,071,131"
Balancer,$14.66,+1.61%,+26.06%,"$101,782,310","$16,072,213"
Venus USDC,$0.02133,-0.00%,+0.08%,"$101,776,283",N/A
Terra Virtua Kolect,$0.149,+0.76%,+22.61%,"$101,664,964","$7,698,928"
X World Games,$0.08323,+9.68%,+12.87%,"$99,879,494","$1,438,210"
Somnium Space Cubes,$7.98,+3.03%,+18.48%,"$99,705,720","$589,662"
cVault.finance,"$9,939.48",-7.70%,+5.50%,"$99,394,789","$226,247"
bZx Protocol,$0.2452,+13.70%,+24.37%,"$98,396,715","$1,213,588"
Adventure Gold,$1.39,+18.49%,+2.17%,"$97,866,149","$68,723,716"
Linear,$0.02972,+6.92%,+27.55%,"$96,877,907","$23,378,860"
DeRace,$2.18,+1.21%,+35.68%,"$96,718,658","$1,932,894"
Swarm,$1.91,-2.04%,-1.99%,"$96,002,763","$1,972,356"
EverRise,$0.001503,+8.15%,+66.35%,"$96,002,249","$3,039,636"
Hoo Token,$1.16,+0.78%,+6.54%,"$95,587,261","$9,369,927"
SafePal,$0.8823,-1.61%,+12.02%,"$95,440,724","$19,186,590"
CertiK,$1.39,-0.56%,+9.49%,"$94,958,512","$7,466,405"
IRISnet,$0.07785,+5.85%,+15.84%,"$94,686,388","$7,362,458"
Samoyedcoin,$0.02925,+7.90%,+37.69%,"$94,562,431","$8,218,603"
DFI.Money,"$2,434.81",+1.66%,+8.99%,"$93,973,751","$13,777,669"
Elastos,$4.60,-2.39%,+4.83%,"$93,653,494","$698,143"
LCX,$0.124,-1.26%,+14.27%,"$93,203,035","$1,009,884"
VVS Finance,$0.00004088,+4.44%,+27.53%,"$93,621,110","$6,716,423"
Cratos,$0.00511,-1.69%,-7.58%,"$92,959,489","$19,511,211"
MovieBloc,$0.00687,+0.96%,+16.31%,"$92,935,187","$4,818,030"
Celo Dollar,$0.9932,+0.03%,-0.03%,"$92,795,061","$1,204,643"
STAKE,$11.38,+4.70%,+26.04%,"$92,676,468","$516,627"
Aurory,$9.61,+3.11%,+6.45%,"$92,239,935","$1,957,158"
Wanchain,$0.4765,+2.66%,+17.74%,"$91,818,574","$1,828,606"
Vega Protocol,$8.13,+4.10%,+35.44%,"$91,618,257","$4,203,323"
ZB Token,$0.1951,+1.09%,+13.63%,"$90,398,501","$490,720"
Toko Token,$0.8207,+2.43%,+13.79%,"$89,043,814","$14,405,697"
TrustSwap,$0.9112,-2.49%,-8.75%,"$88,890,754","$870,820"
Flamingo,$0.283,+4.96%,+18.73%,"$88,387,757","$9,452,408"
Zenon,$13.90,+16.68%,+54.00%,"$88,044,994","$247,636"
HyperDAO,$0.02583,+1.28%,-31.21%,"$87,875,980","$401,966"
Klever,$0.02569,+0.13%,+13.85%,"$87,277,453","$708,757"
AIOZ Network,$0.222,+4.76%,+20.14%,"$86,935,152","$857,178"
Kin,$0.00005041,+2.79%,-2.18%,"$86,560,234","$4,624,336"
Bloomzed Loyalty Club Ticket,$2.27,-15.64%,-21.60%,"$86,112,395","$20,962"
RChain,$0.1346,-3.13%,+4.90%,"$85,992,698","$1,637,763"
AllianceBlock,$0.3672,-1.05%,+3.09%,"$85,546,641","$1,533,915"
ankrETH,"$2,909.24",+3.27%,+23.55%,"$85,327,883","$1,066"
Shapeshift FOX Token,$0.3641,+2.99%,+6.50%,"$84,539,450","$807,085"
Efinity Token,$0.4978,+0.88%,+17.14%,"$84,557,050","$9,360,842"
Alpha Quark Token,$3.21,+3.36%,+16.24%,"$83,604,503","$10,900,859"
HUNT,$0.7554,-0.18%,-2.43%,"$83,366,619","$14,382,281"
Chimpion,$2.60,+1.26%,+17.15%,"$82,485,957","$372,766"
Syntropy,$0.1585,+3.39%,+23.65%,"$82,255,252","$350,240"
Hydra,$9.55,+2.83%,+8.93%,"$82,203,188","$499,417"
BitShares,$0.02739,+1.40%,+21.56%,"$82,009,504","$3,284,489"
Aergo,$0.2253,+1.93%,+16.20%,"$81,479,737","$4,994,000"
Loom Network,$0.08072,-0.22%,+20.50%,"$80,718,332","$15,529,058"
RichQUACK.com,$0.000000001811,+2.23%,+14.32%,"$79,828,559","$1,222,308"
Automata Network,$0.4624,+2.04%,+22.28%,"$79,645,745","$9,254,100"
MimbleWimbleCoin,$7.31,-2.81%,+5.68%,"$79,073,100","$145,598"
Thunder Token,$0.009123,-2.14%,+11.49%,"$78,586,179","$7,432,878"
MiL.k,$0.9981,-1.80%,+15.65%,"$78,014,322","$10,015,100"
Harvest Finance,$117.11,+3.07%,+14.27%,"$78,355,267","$14,706,934"
Ampleforth Governance Token,$7.40,+2.37%,+5.23%,"$77,307,039","$32,386,387"
Phala Network,$0.2835,+3.14%,+12.78%,"$77,101,552","$13,130,780"
Contentos,$0.01927,-0.41%,+18.73%,"$76,972,617","$41,324,130"
Ethernity Chain,$5.87,-3.83%,+20.30%,"$76,334,177","$32,034,476"
Boson Protocol,$1.10,+5.97%,+36.90%,"$76,486,128","$2,373,768"
KeeperDAO,$121.56,+6.90%,+14.74%,"$75,080,891","$845,278"
Elitium,$2.68,+1.66%,+1.40%,"$74,812,730","$1,046,495"
Zelwin,$1.03,-0.13%,-2.77%,"$74,590,872","$557,694"
MonaCoin,$1.13,+2.05%,+11.60%,"$74,478,469","$706,511"
LTO Network,$0.2503,+3.43%,+29.41%,"$74,416,961","$6,586,882"
Hifi Finance,$0.007388,+2.25%,+13.48%,"$73,880,966","$13,830,434"
DeFine,$1.31,+1.19%,-3.07%,"$73,611,041","$2,021,474"
Solanium,$1.23,+1.33%,+8.14%,"$73,581,393","$1,549,227"
Highstreet,$5.97,+1.99%,+14.61%,"$73,408,904","$16,244,764"
Tranchess,$1.19,+3.75%,+23.59%,"$73,505,092","$28,338,395"
XMON,"$48,888.12",+10.38%,+58.99%,"$73,083,715","$8,233,267"
GuildFi,$1.73,-0.65%,+14.57%,"$72,874,516","$1,529,603"
Rai Reflex Index,$3.03,-0.27%,-0.51%,"$72,663,397","$4,365,022"
PolySwarm,$0.04676,+1.58%,+7.55%,"$72,317,550","$1,720,546"
Cyclub,$0.05496,-0.90%,+24.25%,"$72,232,949","$5,749,941"
Komodo,$0.5543,+2.66%,+20.12%,"$72,147,602","$1,511,958"
Moss Coin,$0.1964,-0.91%,+4.25%,"$72,108,807","$5,258,790"
Morpheus.Network,$1.52,+3.34%,+49.32%,"$71,613,484","$503,696"
QuickSwap,$218.12,+8.95%,+12.14%,"$71,347,585","$12,528,395"
ICHI,$16.88,+0.07%,+1.64%,"$70,859,156","$331,217"
DAD,$0.1601,-0.44%,+11.76%,"$70,598,267","$453,143"
DerivaDAO,$2.69,-2.21%,+1.85%,"$70,301,799","$384,957"
Carry,$0.007943,+0.72%,+9.80%,"$69,777,025","$4,902,931"
TROY,$0.007746,+5.06%,+22.67%,"$68,979,377","$6,669,962"
ONUS,$0.6896,-1.92%,-0.28%,"$68,547,680","$969,804"
Ambire AdEx,$0.4785,+1.34%,+10.82%,"$68,438,398","$7,994,986"
Velo,$0.07214,-0.58%,+28.89%,"$68,321,065","$2,271,690"
Kava Lend,$0.6479,+3.60%,+21.03%,"$68,169,403","$8,132,171"
Streamr,$0.08872,+2.07%,+20.92%,"$68,059,721","$8,817,388"
Haven Protocol,$2.53,+3.46%,+50.49%,"$67,783,582","$994,912"
TitanSwap,$1.27,+1.29%,+11.74%,"$67,787,543","$54,916"
Ooki Protocol,$0.0221,+20.50%,+1.92%,"$67,913,811","$72,184,055"
Travala.com,$1.32,+4.50%,+15.33%,"$66,778,007","$4,666,234"
Qcash,$0.1449,-0.02%,-0.10%,"$66,650,757","$117,095,943"
SuperRare,$0.6503,+1.13%,-2.88%,"$66,167,968","$6,617,733"
BarnBridge,$10.86,+3.14%,+10.83%,"$65,950,222","$8,681,128"
Maple,$15.14,+0.76%,-1.08%,"$65,000,081","$2,875,607"
Cortex,$0.3406,-3.03%,+17.68%,"$64,875,770","$13,481,543"
Bluzelle,$0.1993,+15.58%,+56.06%,"$64,787,283","$26,524,045"
Strong,$467.34,-2.60%,-3.24%,"$64,617,997","$10,280,191"
PARSIQ,$0.4439,+6.58%,+21.55%,"$64,569,303","$1,804,452"
Grid+,$1.63,+1.42%,+9.27%,"$64,001,212","$1,265"
TokenPocket,$0.01845,-1.08%,+8.53%,"$63,960,414","$461,776"
DIA,$1.06,+2.02%,+16.62%,"$63,925,580","$6,071,311"
AXEL,$0.2256,+4.70%,+23.04%,"$63,877,278","$155,045"
DODO,$0.5777,+3.35%,+24.82%,"$63,871,344","$33,958,979"
Assemble Protocol,$0.05977,+1.80%,+12.09%,"$63,707,177","$1,497,487"
Splintershards,$0.1396,+8.09%,+17.68%,"$63,491,238","$3,444,129"
Kleros,$0.102,-0.27%,+16.02%,"$63,383,910","$1,544,184"
Cocos-BCX,$1.50,-3.53%,+19.42%,"$63,124,025","$25,552,145"
Cobak Token,$2.59,+0.58%,+8.94%,"$63,026,943","$6,070,090"
GameFi,$63.14,-5.89%,+12.34%,"$63,018,025","$1,193,653"
Rarible,$10.34,+6.10%,+15.01%,"$62,617,078","$2,587,698"
Atari Token,$0.04228,-3.52%,+9.41%,"$62,616,968","$427,155"
Star Atlas DAO,$2.87,+1.88%,+1.49%,"$61,982,406","$4,764,651"
Freeway Token,$0.01128,-0.22%,+2.94%,"$61,540,820","$264,023"
MixMarvel,$0.01308,-2.63%,+15.06%,"$61,472,065","$4,412,860"
Sentinel Protocol,$0.1329,+1.18%,+9.04%,"$61,106,391","$1,855,589"
WHALE,$8.13,-5.88%,+11.44%,"$61,046,083","$1,779,421"
GMT Token,$0.2564,+3.43%,+8.28%,"$60,880,060","$3,759,691"
Wrapped NXM,$35.96,-1.20%,+4.84%,"$60,306,307","$3,339,431"
BinaryX,$29.80,+17.57%,+47.91%,"$60,292,448","$29,930,983"
Litentry,$1.73,+4.81%,+27.14%,"$60,191,791","$26,547,106"
BSCPAD,$0.759,-2.83%,+6.02%,"$60,124,934","$2,183,159"
BoringDAO,$415.12,-29.05%,-24.09%,"$59,344,619","$10,301"
Firo,$4.60,-5.45%,+29.80%,"$59,300,671","$3,251,469"
Darma Cash,$0.2735,-4.45%,-5.74%,"$59,253,099","$40,255"
Tellor,$25.44,+1.71%,+30.71%,"$58,756,399","$9,950,518"
Maro,$0.08205,-0.19%,+15.07%,"$58,391,342","$376,493"
Alpaca Finance,$0.4094,+2.11%,+16.45%,"$57,927,748","$8,114,707"
SIX,$0.2111,-0.32%,+5.79%,"$57,798,290","$1,534,684"
Kava Swap,$1.71,-1.21%,+1.26%,"$57,729,356","$2,286,594"
Offshift,$11.91,+7.87%,+38.56%,"$57,667,039","$2,529,520"
Position Exchange,$1.98,+4.76%,+24.72%,"$57,614,213","$35,726,377"
Venus BUSD,$0.02137,-0.05%,-0.02%,"$57,599,224",N/A
Paris Saint-Germain Fan Token,$18.45,+1.62%,+30.36%,"$57,390,865","$36,952,178"
NewYork Exchange,$8.08,+6.96%,+11.53%,"$57,280,152","$1,411,732"
Mariande Staked SOL,$114.81,-0.37%,+8.49%,"$57,177,602","$30,530,124"
BitMart Token,$0.3235,-1.35%,-3.52%,"$56,199,629","$17,507,436"
Gas,$5.53,+3.03%,+18.34%,"$56,059,904","$12,963,918"
Shyft Network,$0.3833,+2.19%,-18.99%,"$56,040,076","$110,870"
district0x,$0.09338,+2.56%,+18.78%,"$56,030,567","$3,139,120"
Vai,$0.9257,+0.03%,+0.35%,"$55,856,154","$33,540"
Aion,$0.1113,+4.16%,+24.28%,"$55,839,966","$9,793,987"
SifChain,$0.09139,+1.99%,+24.33%,"$55,709,119","$326,449"
FLETA,$0.03552,-9.95%,-18.41%,"$55,508,533","$4,270,286"
NFTX,$135.70,+3.13%,+18.77%,"$55,441,419","$216,197"
Energi,$1.11,-1.94%,+21.90%,"$55,301,119","$178,381"
SHPING,$0.03186,+10.16%,+3.12%,"$55,299,046","$8,228,971"
Akropolis,$0.01587,+2.92%,+27.39%,"$55,253,659","$6,183,204"
Refereum,$0.01103,-0.11%,+8.97%,"$55,136,419","$1,594,322"
League of Kingdoms Arena,$2.20,-2.51%,+14.84%,"$55,124,930","$15,711,901"
FIO Protocol,$0.1156,-1.69%,+20.92%,"$54,738,482","$3,068,307"
BioPassport Token,$0.03116,-1.87%,-6.24%,"$54,686,899","$3,627,785"
Shiden Network,$1.07,+2.77%,+4.26%,"$54,506,227","$1,504,070"
CoinLoan,$27.75,+2.13%,+10.88%,"$54,118,860","$237,670"
NULS,$0.5419,-6.48%,+49.07%,"$53,980,501","$81,293,234"
Sentinel,$0.008072,-2.28%,+2.47%,"$53,802,679","$2,031,029"
Quantstamp,$0.07524,+13.25%,+0.68%,"$53,703,199","$10,140,622"
Obyte,$66.15,+0.76%,+226.53%,"$53,154,168","$10,564"
Throne,$0.1365,-13.82%,-5.90%,"$53,139,285","$1,866,713"
Metronome,$3.87,+6.62%,+17.07%,"$52,899,355","$82,525"
Saito,$0.04938,-2.08%,+35.49%,"$52,560,759","$2,087,581"
ApeSwap Finance,$0.5525,+2.86%,+11.23%,"$52,463,533","$539,981"
1eco,$2.76,+4.54%,+8.98%,"$52,335,274","$1,194,673"
TABOO TOKEN,$0.005337,+0.83%,+39.54%,"$52,208,500","$1,538,015"
Groestlcoin,$0.6563,+1.26%,+12.84%,"$52,112,664","$9,415,512"
Gods Unchained,$2.19,-0.66%,-2.49%,"$51,816,907","$9,067,349"
ScPrime,$1.26,-1.22%,+22.71%,"$51,472,758","$41,150"
VideoCoin,$0.3204,+4.85%,+0.17%,"$51,416,053","$502,329"
Bella Protocol,$1.06,+1.31%,+23.31%,"$50,982,915","$13,809,365"
RAMP,$0.1225,+1.65%,+17.44%,"$50,958,348","$2,680,279"
Adshares,$2.24,+7.69%,+11.22%,"$50,832,021","$2,343,228"
Fusion,$0.717,+2.49%,+15.25%,"$50,792,895","$1,511,358"
Steem Dollars,$4.78,+1.32%,+6.88%,"$50,312,632","$1,632,362"
Liquity,$3.07,+1.40%,+4.40%,"$49,629,563","$2,136,165"
BabySwap,$0.3127,-4.46%,-10.73%,"$49,095,701","$1,327,744"
DigixDAO,$637.29,+7.91%,+26.51%,"$48,962,993",$869
Waltonchain,$0.6186,+6.45%,+22.78%,"$48,693,570","$2,558,437"
Bytom,$0.02936,+0.59%,+6.30%,"$48,077,288","$2,484,358"
Wirex Token,$0.004805,+8.35%,+14.93%,"$48,048,846","$1,008,238"
DeFi Land,$0.08154,+30.59%,+27.61%,"$47,810,481","$5,664,111"
Lido DAO Token,$1.95,+0.47%,-5.35%,"$47,766,700","$5,485,402"
Tokenlon Network Token,$1.07,+1.48%,+7.75%,"$47,757,987","$3,609,500"
Hoge Finance,$0.0001186,-3.55%,+26.42%,"$47,692,481","$177,021"
Neutrino Token,$18.97,+11.89%,+45.75%,"$47,535,646","$76,293"
Valobit,$0.03932,-1.03%,+0.51%,"$47,218,831","$164,271"
StackOs,$0.132,+2.09%,+5.38%,"$46,930,413","$1,176,871"
MANTRA DAO,$0.1099,+1.93%,+18.74%,"$46,873,458","$4,354,194"
Apollo Currency,$0.002212,-1.27%,+20.44%,"$46,825,394","$4,590,812"
Glitch,$0.5891,+3.23%,+40.96%,"$46,708,498","$1,017,195"
Hacken Token,$0.09826,+1.73%,+13.37%,"$46,602,932","$2,882,602"
Polkadex,$7.78,-0.14%,+10.22%,"$46,536,160","$347,366"
YIELD App,$0.3179,+3.11%,+17.86%,"$46,341,494","$347,617"
Measurable Data Token,$0.06822,+1.35%,+19.88%,"$46,129,412","$11,400,607"
HOPR,$0.3058,-10.86%,+25.91%,"$45,570,411","$2,552,335"
Revolution Populi,$0.0379,+3.49%,+32.22%,"$45,485,498","$119,424"
LATOKEN,$0.1187,+8.92%,+22.44%,"$45,129,612","$132,185"
RAI Finance,$0.2549,-0.55%,+5.89%,"$44,969,972","$837,158"
AnimalGo,$0.0465,+18.53%,+26.10%,"$44,961,869","$5,845,016"
Venus XVS,$0.2,+2.19%,+28.85%,"$44,878,396",N/A
SUKU,$0.3755,-0.89%,-9.41%,"$44,738,884","$11,670,296"
Selfkey,$0.008684,+3.91%,+27.61%,"$44,027,938","$17,399,770"
dForce,$0.1124,+2.25%,+10.56%,"$43,897,151","$1,397,584"
SpiritSwap,$0.1452,+2.51%,+18.64%,"$43,820,414","$1,043,904"
Bitrue Coin,$0.3328,-1.03%,+3.25%,"$43,732,707","$9,543,328"
BOSAGORA,$0.1437,+0.48%,+11.82%,"$43,616,723","$947,987"
Civilization,$0.1448,+3.68%,+21.41%,"$43,441,309","$83,314"
PowerPool,$1.17,+1.50%,+11.92%,"$43,399,051","$2,415,761"
ReapChain,$0.2027,+2.61%,+35.32%,"$43,376,061","$3,102,144"
Karura,$1.94,+2.40%,+8.39%,"$43,247,617","$1,599,141"
CoinEx Token,$0.06089,+1.49%,+17.07%,"$43,149,798","$819,732"
Fuse Network,$0.7838,-0.86%,+16.51%,"$43,142,942","$973,972"
Mithril,$0.04271,+0.86%,+19.96%,"$42,710,960","$7,179,697"
Frontier,$0.5324,+3.81%,+10.26%,"$42,265,505","$7,572,782"
EPIK Prime,$0.1782,-3.16%,+25.64%,"$41,761,479","$785,177"
mStable USD,$1.01,+0.83%,+0.85%,"$41,503,171","$233,674"
FirmaChain,$0.1229,+1.98%,+9.67%,"$41,306,569","$2,889,082"
Beam,$0.3821,+0.34%,+12.14%,"$41,093,546","$4,251,370"
Impossible Finance Launchpad,$0.907,+11.72%,+12.63%,"$40,813,606","$625,791"
AMO Coin,$0.002114,+3.48%,+13.85%,"$40,540,912","$962,008"
Aurox,$77.55,+5.75%,+19.75%,"$40,476,944","$305,119"
VerusCoin,$0.6039,-2.36%,-10.34%,"$40,311,115","$10,369"
SOLVE,$0.09231,+1.90%,+10.48%,"$40,186,283","$602,603"
Newscrypto,$0.2669,+4.64%,+23.36%,"$40,142,906","$6,191,620"
SIDUS HEROES,$0.07333,+1.34%,+26.21%,"$40,038,616","$1,590,636"
Cellframe,$1.38,+8.79%,+66.61%,"$39,682,514","$1,497,237"
BASIC,$0.005736,+2.38%,+20.52%,"$39,624,969","$2,057,161"
MileVerse,$0.02232,+0.22%,+8.91%,"$39,624,315","$14,451,250"
Mirrored iShares Gold Trust,$34.90,+1.45%,+0.64%,"$39,222,532","$423,399"
CONUN,$0.01347,-0.96%,+11.28%,"$39,035,876","$1,256,576"
ERC20,$0.03456,-7.61%,+2.58%,"$39,007,589","$5,180"
Manchester City Fan Token,$10.98,+3.89%,+17.66%,"$38,514,281","$7,698,352"
Stratos,$1.90,+5.35%,+20.32%,"$38,267,671","$956,061"
MultiVAC,$0.01065,+6.96%,+49.49%,"$38,220,262","$4,126,237"
Pangolin,$0.4501,+1.87%,+32.42%,"$37,826,392","$2,164,897"
PlanetWatch,$0.2479,+2.85%,-14.18%,"$37,231,479","$496,962"
ZIMBOCASH,$0.02334,-1.43%,+1.01%,"$37,118,914","$8,869"
Aragon Court,$0.2885,+1.71%,+28.72%,"$37,115,683","$66,246"
Dock,$0.04971,+3.37%,+20.91%,"$37,032,912","$2,602,424"
SORA,$90.50,-3.54%,-3.18%,"$37,015,550","$2,748,997"
LGCY Network,$0.002885,-1.95%,+6.33%,"$36,673,752","$81,043"
Aeternity,$0.1043,+0.76%,+15.13%,"$36,569,115","$1,760,538"
Bytecoin,$0.0001979,+2.57%,+11.40%,"$36,435,951","$40,667"
Moneytoken,$0.003186,+3.11%,+2286.37%,"$36,234,912",N/A
Marlin,$0.04921,+1.65%,+16.57%,"$36,228,274","$18,157,777"
New BitShares,$0.01378,+6.87%,+27.03%,"$36,011,445","$5,295,662"
AhaToken,$0.01095,-0.83%,+12.77%,"$35,864,715","$2,092,409"
Unisocks,"$116,999.38",+5.17%,+14.72%,"$35,332,349","$12,164"
Burger Swap,$1.92,+3.03%,+13.73%,"$34,671,475","$6,248,463"
Mirrored ProShares VIX,$15.62,-2.75%,-8.12%,"$34,494,502","$107,514"
Super Zero Protocol,$0.1001,-0.38%,-2.98%,"$34,369,868","$354,624"
Kryll,$0.8948,+3.06%,+10.66%,"$34,122,037","$402,525"
Rainicorn,$0.06983,+0.76%,+11.25%,"$33,962,006","$133,203"
Ternoa,$0.06847,+3.19%,+2.96%,"$33,905,318","$597,962"
BTSE,$7.78,+1.35%,-0.56%,"$33,879,651","$2,110,662"
StarTerra,$1.40,-1.85%,+4.15%,"$33,874,367","$105,701"
MAPS,$0.7933,+3.41%,+53.88%,"$33,758,727","$2,359,608"
Bounce Finance Governance Token,$16.18,+1.67%,+20.11%,"$33,726,988","$1,898,681"
CargoX,$0.1624,-2.53%,+5.27%,"$33,709,651","$23,050"
PolkaFoundry,$0.874,-0.47%,+16.06%,"$33,595,358","$662,583"
Opulous,$0.807,+5.24%,+7.15%,"$33,515,724","$1,866,136"
Sentivate,$0.009348,+6.82%,+28.41%,"$33,498,190","$683,771"
GNY,$0.174,-8.75%,+13.18%,"$33,463,950","$26,986"
Hot Cross,$0.2928,+1.68%,+4.52%,"$33,308,567","$3,241,162"
Hermez Network,$7.08,-0.73%,-2.66%,"$33,267,969","$283,730"
Dego Finance,$3.86,-9.41%,+8.49%,"$33,210,176","$38,707,232"
Hegic,$0.04705,+2.69%,+5.99%,"$33,112,858","$2,491,844"
S.S. Lazio Fan Token,$3.85,+5.47%,+20.28%,"$33,103,343","$35,231,058"
Invictus Hyperion Fund,$0.2812,-0.69%,-9.23%,"$33,075,338",$848
ZKSwap,$0.1671,-1.10%,-1.49%,"$33,000,585","$2,873,967"
ZEON,$0.00108,+6.68%,+10.12%,"$32,962,334","$899,020"
v.systems,$0.01322,+0.27%,+5.30%,"$32,828,242","$945,958"
ForTube,$0.05123,+1.30%,+16.80%,"$32,760,519","$6,167,676"
TerraKRW,$0.0008483,+2.61%,+1.62%,"$32,740,955","$52,349"
Electric Vehicle Zone,$0.0735,+8.87%,+27.40%,"$32,540,031","$3,606,704"
WaykiChain,$0.1545,+1.75%,+8.25%,"$32,439,334","$1,723,739"
pNetwork,$0.7096,+2.37%,+19.54%,"$32,302,362","$5,117,263"
REVV,$0.1159,+3.92%,+13.55%,"$32,253,311","$3,737,215"
Ultiledger,$0.01136,-0.07%,-5.61%,"$32,232,193","$31,598"
Venus USDT,$0.02158,+0.02%,+0.09%,"$32,067,555",N/A
Dragonchain,$0.08633,+3.10%,+25.55%,"$32,009,094","$172,412"
EFFORCE,$0.204,-0.71%,-2.20%,"$31,880,657","$451,512"
Quiztok,$0.008559,+3.36%,+18.40%,"$31,850,818","$418,160"
Smart MFG,$0.09962,+13.31%,+13.83%,"$31,819,563","$377,080"
BTU Protocol,$0.3502,-0.87%,-5.26%,"$31,701,041","$15,592"
Reflexer Ungovernance Token,$181.17,-0.55%,+1.47%,"$31,612,603","$233,314"
Genopets,$9.10,+29.25%,+57.82%,"$31,597,765","$3,826,851"
Oxygen,$0.7071,+7.55%,+8.17%,"$31,325,230","$910,576"
Gifto,$0.0405,+5.33%,+26.32%,"$31,194,442","$7,081,048"
Pendle,$0.3252,+2.95%,+39.42%,"$31,092,952","$500,530"
DEXTools,$0.3129,-3.33%,+5.86%,"$30,998,103","$196,404"
PAID Network,$0.3727,-3.44%,-11.20%,"$30,959,475","$356,193"
SingularityDAO,$1.06,-2.27%,+18.41%,"$30,946,620","$1,766,386"
InsurAce,$0.6891,+1.40%,+5.42%,"$30,936,816","$1,268,530"
ApolloX,$0.07191,-3.31%,+13.16%,"$30,931,652","$2,128,987"
ChainGuardians,$0.7058,-1.02%,+42.70%,"$30,713,215","$994,373"
Drep [new],$0.7697,+1.49%,+9.42%,"$30,709,249","$5,255,393"
Zigcoin,$0.0728,+5.51%,+12.77%,"$30,689,688","$10,489,104"
DogeBonk,$0.00000005259,+1.47%,+52.37%,"$30,655,219","$65,989"
AirSwap,$0.2028,+2.50%,+18.30%,"$30,413,189","$632,332"
Edgeware,$0.005067,+2.52%,+6.88%,"$30,342,775","$652,702"
Peony,$0.2538,-0.73%,+29.69%,"$30,170,376","$131,747"
VITE,$0.06005,+3.86%,+19.70%,"$30,041,677","$4,014,014"
FC Porto Fan Token,$3.85,+1.29%,+28.00%,"$29,997,392","$25,459,410"
Everest,$0.2564,+5.01%,-1.65%,"$29,916,805","$94,676"
GoChain,$0.02609,+2.00%,+28.31%,"$29,611,345","$3,011,842"
PERL.eco,$0.06005,+1.31%,+23.81%,"$29,482,261","$1,440,649"
Poseidon Network,$0.01335,+8.94%,+73.86%,"$29,410,120","$57,342"
Namecoin,$1.99,+4.24%,+15.61%,"$29,336,480","$20,833"
Rubic,$0.2684,-4.84%,+47.32%,"$29,253,206","$1,251,061"
The Midas Touch Gold,$0.003282,+1.78%,+10.59%,"$29,247,296","$1,086,906"
Ariva,$0.0004629,-4.32%,-4.82%,"$29,191,788","$7,496,237"
GET Protocol,$2.56,+5.74%,+24.12%,"$29,133,173","$190,584"
Reserve,$0.9976,+0.02%,+0.33%,"$28,780,313","$8,911"
PornRocket,$0.00000007147,-8.20%,+18.43%,"$28,671,567","$142,244"
PAC Protocol,$0.001778,+0.30%,-2.64%,"$28,662,101","$184,927"
Bread,$0.3221,+1.64%,+40.83%,"$28,622,348","$3,876,068"
NEST Protocol,$0.01427,+6.43%,+27.20%,"$28,617,540","$2,352,970"
USDK,$0.9992,-0.02%,-0.06%,"$28,576,317","$137,764,120"
MAP Protocol,$0.02269,+0.72%,+6.37%,"$28,475,047","$1,050,096"
Tornado Cash,$25.89,+2.54%,+13.13%,"$28,468,655","$6,016,121"
Xeno Token,$0.07622,-2.53%,+12.67%,"$28,369,727","$49,447,382"
Unifi Protocol DAO,$5.50,+0.23%,+11.49%,"$28,327,117","$10,426,724"
Router Protocol,$4.45,-2.35%,+26.22%,"$28,305,769","$1,994,937"
Dora Factory,$7.10,-0.74%,+12.30%,"$28,049,995","$8,900,930"
Nimiq,$0.003139,-4.16%,+3.92%,"$27,997,294","$1,145,975"
KARMA,$0.005129,+0.89%,+18.76%,"$27,957,014",$5
BUX Token,$0.4828,-1.47%,+8.10%,"$27,954,841","$134,430"
MATH,$0.2434,+1.75%,+14.58%,"$27,830,189","$331,563"
DeHub,$0.007149,+11.52%,+22.16%,"$27,624,197","$216,458"
ShareToken,$0.01183,+1.63%,+8.86%,"$27,612,127","$437,036"
BEPRO Network,$0.004073,+5.46%,+41.98%,"$27,551,503","$1,280,806"
BitForex Token,$0.006415,+2.63%,-0.98%,"$27,495,134","$411,408"
VIDT Datalink,$0.5502,+3.43%,+0.95%,"$27,193,203","$5,887,250"
ELYSIA,$0.008343,+0.29%,+11.17%,"$26,956,595","$646,566"
Numbers Protocol,$0.5072,-1.77%,+12.35%,"$26,867,493","$1,922,314"
Pawtocol,$0.1041,-5.49%,+24.40%,"$26,851,254","$11,005,419"
Soda Coin,$0.0152,+1.13%,+6.78%,"$26,810,363","$1,005,164"
Counterparty,$10.25,+5.87%,+8.99%,"$26,782,560","$95,293"
Lossless,$0.7026,+3.33%,+21.06%,"$26,574,244","$757,125"
QASH,$0.07586,+6.44%,-3.06%,"$26,552,554","$443,483"
DXdao,$538.32,+5.25%,+18.80%,"$26,549,954","$104,350"
Oxen,$0.4643,+0.04%,-2.21%,"$26,493,177","$113,601"
Hiblocks,$0.002861,-0.14%,+6.07%,"$26,343,942","$281,414"
Retreeb,$0.1705,+18.37%,+32.10%,"$26,255,941","$1,347,837"
Switcheo,$0.01583,+2.04%,+11.41%,"$26,230,042","$81,889"
BENQI,$0.08009,-4.75%,+34.42%,"$26,085,377","$23,775,986"
Nexus,$0.3575,+1.62%,+21.19%,"$25,988,087","$855,291"
Curate,$3.11,+20.51%,+67.41%,"$25,954,595","$3,046,367"
DeXe,$7.39,+3.16%,+12.54%,"$25,925,429","$7,217,652"
Talken,$0.4168,+9.80%,+6.75%,"$25,730,141","$306,815"
Locus Chain,$0.0289,-1.72%,-0.69%,"$25,430,545","$664,522"
FC Barcelona Fan Token,$7.12,+3.54%,+18.40%,"$25,282,998","$3,146,459"
Gemma Extending Tech,$0.3673,+22.85%,+39.66%,"$25,174,019","$7,377,387"
ReddCoin,$0.0008269,-0.75%,+5.95%,"$25,133,909","$47,262"
Auto,$472.81,+5.18%,+19.09%,"$25,091,186","$2,894,001"
Era Swap,$0.025,+4.09%,-3.87%,"$24,932,041","$133,214"
Vesper,$2.92,-4.13%,-6.00%,"$24,908,475","$269,475"
Shiryo-Inu,$0.0...02536,-15.66%,-13.40%,"$24,902,235","$578,339"
LikeCoin,$0.02288,+0.05%,+9.17%,"$24,773,167","$57,877"
Student Coin,$0.004627,+3.22%,-2.61%,"$24,627,417","$639,765"
OpenOcean,$0.164,+0.17%,+9.96%,"$24,584,296","$2,194,387"
GAMEE,$0.1786,+2.51%,+15.86%,"$24,567,898","$1,617,895"
Epic Cash,$1.78,+13.43%,+0.67%,"$24,449,958","$18,818"
Jupiter,$0.02817,+10.90%,+51.80%,"$24,294,941","$1,210,372"
Cream Finance,$39.16,+1.71%,+24.75%,"$24,138,417","$6,343,592"
Populous,$0.4517,+17.50%,+39.88%,"$24,054,663","$431,689"
GamerCoin,$0.05959,+1.81%,+13.69%,"$23,917,362","$857,063"
Wing Finance,$10.34,+2.48%,+16.50%,"$23,847,346","$1,838,536"
DxChain Token,$0.0004764,-1.43%,-2.82%,"$23,820,564","$37,709"
King DAG,$0.4377,-0.85%,+8.39%,"$23,743,324","$17,620"
GYEN,$0.008636,-0.09%,-1.08%,"$23,611,755","$224,178"
TEMCO,$0.005918,+0.99%,+10.24%,"$23,513,107","$469,683"
VIMworld,$0.004114,+2.00%,+18.89%,"$22,902,725","$23,898"
Vertcoin,$0.3606,+1.43%,+12.26%,"$22,879,936","$394,126"
Valor Token,$1.14,+4.34%,+48.77%,"$22,840,675","$25,455,666"
GameCredits,$0.125,-1.04%,+20.17%,"$22,827,376","$35,739"
Newton,$0.001109,+2.86%,-2.38%,"$22,820,214","$2,780,659"
Misbloc,$0.1711,+7.49%,+17.34%,"$22,734,668","$24,005,843"
PIVX,$0.3328,-0.60%,+14.43%,"$22,724,238","$105,060"
Dovu,$0.02438,+7.30%,+3.21%,"$22,702,394","$31,650"
Exeedme,$0.3494,+0.09%,+20.67%,"$22,491,271","$239,998"
Permission Coin,$0.001418,-2.36%,-4.47%,"$22,479,488","$244,360"
LBRY Credits,$0.03476,-2.63%,+15.17%,"$22,462,477","$53,068"
Observer,$0.004114,-2.53%,+11.42%,"$22,367,674","$116,157"
Ethereum Push Notification Service,$1.45,+2.48%,+13.78%,"$22,193,870","$1,992,325"
Inter Milan Fan Token,$7.38,+4.47%,+7.49%,"$22,142,378","$1,580,326"
Hamster,$0.000000009218,-0.91%,+3.49%,"$21,977,524","$204,980"
Lattice Token,$0.7652,+4.50%,+22.00%,"$21,958,345","$383,191"
GMCoin,$0.5285,-0.38%,+0.18%,"$21,765,713","$527,758"
Zynecoin,$0.8194,-4.71%,+35.50%,"$21,758,205","$171,331"
BLOCKv,$0.006199,+0.51%,+6.42%,"$21,520,224","$16,190"
ChainX,$1.74,-1.35%,+6.23%,"$21,408,239","$602,471"
FOAM,$0.06747,+5.56%,+38.62%,"$21,358,972","$5,738"
DSLA Protocol,$0.003959,+5.95%,+16.40%,"$21,300,278","$610,839"
ASTA,$0.01178,-1.08%,+4.60%,"$21,212,234","$3,299,036"
Life Crypto,$0.003018,-0.11%,+22.10%,"$21,133,747","$544,793"
Polychain Monsters,$6.15,+3.31%,+29.61%,"$20,974,488","$928,170"
Lotto,$0.01047,+2.93%,+26.79%,"$20,946,315","$2,666"
Spartan Protocol,$0.2077,+12.09%,+55.37%,"$20,917,140","$1,925,172"
Mobius,$0.03802,-1.52%,-16.32%,"$20,914,455","$115,401"
vEmpire DDAO,$0.12,+4.76%,+9.04%,"$20,837,910","$2,128,740"
Crypterium,$0.2552,-28.48%,+14.48%,"$20,795,994","$4,633,918"
PolkaBridge,$0.4688,+1.66%,+15.32%,"$20,560,942","$1,213,934"
Nash,$0.7049,+10.09%,-2.01%,"$20,558,331","$189,946"
Luna Rush,$4.44,+5.44%,+21.77%,"$20,225,225","$6,971,259"
Gameswap,$1.80,+7.75%,+14.87%,"$20,181,181","$125,269"
Opacity,$0.2504,-8.23%,+21.14%,"$20,148,879","$729,062"
TokenClub,$0.02452,+3.45%,+25.19%,"$20,054,292","$1,266,902"
BABB,$0.0004018,-0.29%,+17.96%,"$20,030,240","$451,141"
Goldfinch,$3.94,+1.31%,-6.37%,"$19,998,157","$1,547,430"
e-Money,$1.01,+0.33%,+9.56%,"$19,983,841","$661,367"
Pluton,$10.77,+2.37%,-17.58%,"$19,950,984","$2,294,836"
0Chain,$0.4117,+0.73%,+37.05%,"$19,927,465","$82,941"
Cryptex Finance,$7.73,+0.15%,-6.84%,"$19,856,931","$1,119,038"
Internxt,$17.65,-11.63%,-12.08%,"$19,755,537","$499,233"
Unifty,$10.98,-8.33%,-17.73%,"$19,607,028","$1,750,820"
EpiK Protocol,$0.1487,-2.31%,-3.38%,"$19,340,056","$4,052,117"
Peercoin,$0.7019,+1.77%,+24.81%,"$19,221,859","$10,806"
#MetaHash,$0.006245,-2.73%,-0.53%,"$19,196,503","$366,342"
Particl,$1.61,-7.41%,-8.28%,"$19,196,440","$5,978"
SHILL Token,$0.2098,-6.49%,+32.99%,"$19,038,060","$2,216,712"
SparkPoint,$0.002265,+39.09%,+66.90%,"$19,019,081","$3,303,908"
Arcblock,$0.1915,-2.84%,+1.06%,"$18,876,016","$3,880,132"
AstroSwap,$0.04352,+17.54%,-32.58%,"$18,645,226","$809,640"
Electra Protocol,$0.001066,+3.21%,+4.66%,"$18,517,232","$54,346"
K21,$1.28,+1.84%,+7.95%,"$18,486,763","$280,878"
Etherisc DIP Token,$0.0935,+2.73%,+10.46%,"$18,452,700","$45,457"
BitKan,$0.001929,+0.22%,+7.51%,"$18,398,055","$91,205"
CUTcoin,$0.1185,-6.31%,+30.88%,"$18,378,024",$86
Solrise Finance,$0.3317,-0.64%,-8.77%,"$18,344,878","$498,848"
Decimated,$0.3883,+4.72%,+16.55%,"$18,344,336","$3,827,148"
Aventus,$3.04,+6.92%,-9.79%,"$18,239,660","$1,463,411"
Quantum Resistant Ledger,$0.2389,+0.30%,+37.33%,"$18,140,376","$35,728"
DIGG,"$35,918.21",+2.05%,+14.34%,"$18,064,148","$102,604"
ProximaX,$0.002945,+7.66%,+17.39%,"$17,954,820","$169,811"
Clearpool,$0.337,+2.59%,-24.96%,"$17,902,191","$1,396,525"
Banano,$0.01351,-3.63%,-0.75%,"$17,823,091","$56,547"
saffron.finance,$193.87,+9.43%,+3.62%,"$17,794,355","$354,167"
Validity,$3.94,-0.12%,+14.49%,"$17,742,776","$193,023"
Bankera,$0.0007094,+3.20%,+5.75%,"$17,664,214",N/A
Signata,$0.4844,-3.65%,+8.42%,"$17,605,141","$374,891"
UniLend,$0.5643,+3.61%,+5.59%,"$17,522,569","$1,162,032"
Grin,$0.1813,-2.18%,+6.47%,"$17,502,220","$1,803,892"
Doge Dash,$0.0003194,+4.35%,+9.39%,"$17,263,912","$114,179"
HAPI Protocol,$29.97,-3.05%,+18.32%,"$17,106,878","$4,761,214"
DeGate,$0.2079,+1.13%,-2.36%,"$17,093,968","$2,822,916"
Bitball Treasure,$37.92,+6.35%,-2.34%,"$17,064,997","$220,646"
Spiking,$0.03832,+3.20%,+19.29%,"$16,969,667",N/A
Emirex Token,$0.6265,+0.42%,+20.83%,"$16,953,635","$408,912"
UBIX.Network,$0.0003703,-5.74%,+52.88%,"$16,870,106","$2,999,322"
Stakeborg DAO,$12.54,-1.77%,-6.96%,"$16,790,968","$49,510"
HyperCash,$0.3718,-3.19%,+7.16%,"$16,756,027","$737,110"
Torum,$0.3197,+3.93%,+33.82%,"$16,739,009","$1,403,590"
IQeon,$3.04,+0.81%,+5.88%,"$16,690,821","$1,794,419"
SwftCoin,$0.004144,+0.11%,+193.39%,"$16,597,168","$25,075,423"
Oxbull.tech,$2.21,+3.32%,+27.08%,"$16,576,259","$68,967"
Ondori,$0.0004388,+0.89%,+18.76%,"$16,570,976",N/A
Niftyx Protocol,$0.3219,+4.56%,+5.55%,"$16,543,110","$282,836"
HoDooi.com,$0.08112,-1.30%,-6.57%,"$16,450,036","$349,892"
Global Coin Research,$4.11,+7.19%,+23.23%,"$16,448,960","$4,781"
Mint Club,$0.00001573,-3.69%,-8.03%,"$16,384,539","$2,434,954"
Crust Network,$5.35,-4.38%,-10.97%,"$16,373,613","$1,561,962"
BigONE Token,$0.001723,+0.57%,+7.45%,"$16,270,738",N/A
Deri Protocol,$0.1153,+1.65%,-12.88%,"$16,239,725","$425,088"
Callisto Network,$0.00523,+3.34%,+6.09%,"$16,231,472","$40,041"
MILC Platform,$0.2049,+0.22%,+21.54%,"$16,177,656","$676,591"
O3 Swap,$0.394,+0.68%,-8.89%,"$16,037,178","$2,036,533"
Wabi,$0.1594,+2.21%,+27.25%,"$15,957,701","$1,607,919"
Belt Finance,$1.68,+0.49%,+40.16%,"$15,940,435","$268,860"
88mph,$36.09,-0.34%,+58.36%,"$15,933,727","$190,907"
Only1,$0.1614,+12.17%,+18.71%,"$15,830,405","$993,830"
Pickle Finance,$8.28,+2.71%,+13.10%,"$15,799,816","$1,771,289"
BIDR,$0.00006966,+0.25%,+0.35%,"$15,722,736","$43,746,875"
Santiment Network Token,$0.2471,+1.58%,+19.86%,"$15,640,168","$33,673"
Muse,$30.58,+17.96%,+25.33%,"$15,551,162","$687,199"
Ambrosus,$0.02766,+4.39%,+15.20%,"$15,514,649","$416,770"
OneLedger,$0.03153,+9.04%,+29.70%,"$15,514,536","$302,821"
Nebulas,$0.2537,+0.88%,+13.69%,"$15,497,644","$1,951,600"
Pallapay,$0.02639,-0.07%,+16.46%,"$15,469,740","$400,787"
Darwinia Network,$0.02989,-2.28%,+12.26%,"$15,464,704","$870,845"
NFTb,$0.1454,+0.56%,+11.61%,"$15,448,011","$961,546"
Tarot,$0.6428,+1.16%,+17.69%,"$15,444,998","$874,996"
Sylo,$0.006338,-5.53%,+3.20%,"$15,411,815","$519,920"
TrueChain,$0.1931,-6.47%,+71.84%,"$15,367,475","$8,263,246"
Umbrella Network,$0.2064,+11.80%,+38.02%,"$15,284,344","$2,019,344"
Blockchain Monster Hunt,$0.3743,-0.34%,+5.85%,"$15,231,052","$668,449"
Galaxy Heroes Coin,$0.00000001519,+4.14%,-25.74%,"$15,188,165","$1,473,320"
Mogul Productions,$0.04928,+9.06%,+64.15%,"$15,111,539","$1,831,321"
StableXSwap,$1.11,+1.04%,+8.76%,"$15,085,264",$22
AC Milan Fan Token,$4.78,+5.96%,+20.67%,"$15,008,107","$7,457,588"
Polkamarkets,$0.3043,+7.30%,+21.11%,"$14,909,486","$187,748"
USDJ,$1.00,+0.21%,+0.04%,"$14,856,615","$2,155,139"
Mogul Productions,$0.04837,+6.99%,+61.16%,"$14,834,178","$1,831,318"
Safe Haven,$0.00493,-7.76%,+21.09%,"$14,817,696","$969,269"
OneArt,$0.1557,-1.47%,+13.72%,"$14,766,943","$320,676"
Nestree,$0.006273,+3.95%,+11.19%,"$14,716,331","$1,708,661"
BetU,$0.1364,+0.59%,+3.85%,"$14,679,985","$1,293,219"
Kryptomon,$0.07731,+1.94%,+18.20%,"$14,676,210","$688,253"
Arianee,$0.5437,+7.10%,+24.47%,"$14,595,537",$966
Zano,$1.32,+4.77%,+46.74%,"$14,517,445","$164,350"
TE-FOOD,$0.02525,+0.52%,+29.09%,"$14,359,843","$115,477"
Signum,$0.006715,+2.59%,+18.62%,"$14,308,393","$24,093"
Tachyon Protocol,$0.05353,+6.57%,+20.79%,"$14,285,969","$3,740,533"
AntiMatter Governance Token,$0.454,+1.17%,+4.02%,"$14,210,474","$263,953"
RioDeFi,$0.04768,+4.47%,+27.08%,"$14,099,214","$1,965,257"
Cindicator,$0.007019,+0.93%,+11.78%,"$14,037,636","$64,556"
smARTOFGIVING,$0.1903,-2.91%,-0.30%,"$14,037,097","$32,414"
Minter Network,$0.002671,-4.18%,+6.26%,"$13,969,925","$7,376"
Metaverse ETP,$0.1752,+17.16%,+55.14%,"$13,965,015","$82,606"
Xaya,$0.2872,-2.61%,+7.38%,"$13,918,801","$26,983"
Lithium,$0.007499,-0.11%,-15.10%,"$13,852,495","$577,536"
GoCrypto Token,$0.05645,-6.16%,+5.04%,"$13,844,763","$153,532"
Santos FC Fan Token,$3.04,+2.86%,+17.56%,"$13,812,473","$10,061,305"
Abyss,$0.06025,-0.05%,+3.00%,"$13,777,292","$204,947"
Infinity PAD,$0.02548,+9.80%,+27.76%,"$13,757,568","$135,731"
Rupiah Token,$0.00006999,+0.15%,+0.03%,"$13,672,416","$402,773"
ADAPad,$0.115,-6.78%,-6.33%,"$13,532,469","$846,344"
Bitcoin 2,$0.7476,-4.06%,+12.05%,"$13,423,195",$657
WOM Protocol,$0.127,+3.06%,+13.06%,"$13,417,427","$1,299,981"
ParaSwap,$0.1837,+1.40%,+6.21%,"$13,387,195","$486,115"
GPEX,$1.71,+0.43%,-1.73%,"$13,346,910","$173,908"
SafeMoon Inu,$0.00001332,+1.39%,+54.54%,"$13,320,120","$85,495"
Unicly CryptoPunks Collection,$0.05312,+2.85%,+49.20%,"$13,280,627","$115,832"
Birake,$0.1316,+0.92%,+18.73%,"$13,274,798","$5,237"
suterusu,$0.003423,+2.80%,+14.60%,"$13,194,550","$200,227"
Convergence,$0.007929,+0.97%,+13.42%,"$13,193,533","$1,471,087"
UniCrypt,$479.47,+3.02%,+10.97%,"$13,140,725","$823,292"
ProBit Token,$0.312,+4.28%,+8.39%,"$13,101,968","$14,753"
Aurora,$0.001308,-1.10%,+7.88%,"$13,045,897","$343,355"
dHedge DAO,$0.544,+0.38%,+0.70%,"$12,983,121","$242,022"
Navcoin,$0.1777,+0.45%,+9.66%,"$12,936,048","$134,303"
Raiden Network Token,$0.1927,+0.60%,+17.61%,"$12,873,991","$111,995"
mStable Governance Token: Meta (MTA),$0.7413,+3.72%,+17.95%,"$12,852,337","$1,198,477"
Sin City Metaverse,$0.1387,-11.51%,-5.35%,"$12,840,708","$1,051,078"
SENATE DAO,$2.06,-0.33%,+5.06%,"$12,746,054","$212,729"
Infinitecoin,$0.0001404,+0.92%,+11.75%,"$12,717,467",$1
Kylin,$0.08145,-0.91%,+0.52%,"$12,602,349","$242,832"
DuckDaoDime,$12.14,+1.26%,+1.22%,"$12,594,035","$232,986"
Neblio,$0.6742,+1.12%,+28.61%,"$12,577,235","$59,128"
Ignis,$0.01644,+2.93%,+9.26%,"$12,512,182","$175,792"
FIBOS,$0.01165,-2.27%,-4.50%,"$12,481,679","$364,084"
Atletico De Madrid Fan Token,$5.97,+5.88%,+17.10%,"$12,462,929","$4,708,252"
Levolution,$0.09609,+10.38%,+6.28%,"$12,460,509","$79,297"
Oraichain Token,$6.08,+21.08%,+30.21%,"$12,421,000","$1,311,409"
Cashaa,$0.01512,+3.85%,+13.05%,"$12,389,601","$342,381"
Tokamak Network,$4.51,+2.34%,+7.56%,"$12,293,033","$5,671,492"
MahaDAO,$3.98,+0.05%,+21.82%,"$12,234,792","$1,086,352"
Shopping,$13.78,+4.96%,+32.10%,"$12,228,626","$367,223"
Earneo,$0.04781,+1.39%,+8.83%,"$12,169,083","$35,239"
Orion Money,$0.2465,+1.92%,+8.51%,"$12,153,019","$185,090"
RING X PLATFORM,$0.03875,+12.12%,+25.49%,"$12,129,326","$3,787,268"
APY.Finance,$0.2056,+9.56%,+27.04%,"$12,120,220","$170,129"
Venus SXP,$0.03054,+0.76%,+13.55%,"$12,112,960",N/A
Project WITH,$0.01405,+1.85%,+8.49%,"$12,060,365","$289,871"
ZeroSwap,$0.1899,+9.35%,+49.66%,"$12,047,703","$925,280"
MetaPets,$0.0...02318,-3.51%,-11.53%,"$11,979,112","$183,189"
CONTRACOIN,$0.2749,+1.18%,+5.69%,"$11,976,689",$86
Finxflo,$0.143,+3.04%,+10.36%,"$11,931,564","$50,454"
Govi,$1.11,+5.79%,+25.04%,"$11,904,249","$478,776"
Factom,$1.16,+1.11%,+25.28%,"$11,810,691",$757
BullPerks,$0.2704,+5.70%,+18.66%,"$11,805,637","$286,248"
Mirrored Tesla,$984.30,+1.74%,+2.87%,"$11,770,853","$74,277"
apM Coin,$0.03242,-2.25%,+11.76%,"$11,733,632","$115,719"
Agoras: Currency of Tau,$0.6511,-2.98%,+14.03%,"$11,720,237","$5,450"
Nitro Network,$0.001595,+5.27%,+8.82%,"$11,656,781","$45,000"
Sarcophagus,$0.7443,+7.78%,+4.30%,"$11,649,360","$226,285"
Revomon,$0.4691,+0.30%,+31.02%,"$11,638,516","$947,078"
GameZone,$0.1815,-7.72%,+13.47%,"$11,597,965","$552,202"
Phoenix Global (new),$0.3113,+2.17%,+20.19%,"$11,561,204","$194,616"
Dfyn Network,$0.1385,+3.02%,+15.12%,"$11,555,953","$1,018,445"
Genaro Network,$0.01767,+5.98%,+32.56%,"$11,486,262","$500,055"
Venus LTC,$2.77,+1.87%,+26.94%,"$11,473,877",N/A
Visor.Finance,$0.3819,+1.88%,+7.57%,"$11,456,527",N/A
Skey Network,$0.06286,+3.25%,-0.78%,"$11,417,942","$1,310,922"
Venus LINK,$0.3662,+0.87%,+15.49%,"$11,317,703",N/A
OAX,$0.1468,-0.05%,+18.30%,"$11,306,538","$152,611"
MCDEX Token,$6.08,-7.96%,-4.83%,"$11,270,899","$695,666"
Florin,$83.37,+19.43%,+36.79%,"$11,244,253","$8,936"
Trabzonspor Fan Token,$4.76,+6.66%,+24.76%,"$11,212,914","$3,964,783"
DeepBrain Chain,$0.003499,+11.91%,+21.25%,"$11,196,618","$357,554"
Tulip Protocol,$13.70,+2.85%,+4.42%,"$11,167,736","$425,577"
SafeCoin,$0.4018,+0.70%,+8.76%,"$11,144,782","$1,982"
Strips Finance,$3.00,+4.24%,+1.55%,"$11,142,457","$294,205"
Mirrored Apple,$173.73,-0.55%,+0.27%,"$11,088,416","$453,455"
unFederalReserve,$0.0254,+5.54%,+23.51%,"$11,003,520","$570,177"
AnRKey X,$0.08778,+1.18%,+26.71%,"$10,991,620","$207,311"
CumRocket,$0.008322,-2.25%,+11.85%,"$10,989,089","$88,429"
Venus Reward Token,$0.0004994,+0.66%,+24.07%,"$10,985,759","$224,017"
PlotX,$0.1649,+24.97%,+34.70%,"$10,934,635","$545,907"
Shirtum,$0.09416,+0.61%,+17.55%,"$10,922,574","$113,971"
Monetha,$0.027,+2.57%,+20.17%,"$10,862,912","$567,801"
Nxt,$0.01087,+2.85%,+14.90%,"$10,854,560","$727,431"
BlockWallet,$0.5596,-7.14%,+23.22%,"$10,852,484","$399,895"
WELL,$0.07908,+11.85%,-4.11%,"$10,840,855","$3,991"
FortKnoxster,$0.0719,+1.73%,+39.07%,"$10,718,744","$631,638"
Trias Token (new),$6.73,+1.16%,+26.17%,"$10,763,388","$2,049,983"
Cardstack,$0.004498,-1.56%,+20.12%,"$10,605,785","$115,420"
Mirrored iShares Silver Trust,$21.81,+1.70%,+4.18%,"$10,542,279","$768,691"
SENSO,$0.8623,+4.47%,+1.71%,"$10,555,437","$2,486,722"
Vidya,$0.2598,+0.85%,+39.56%,"$10,509,024","$104,462"
JulSwap,$0.01772,+5.93%,+15.66%,"$10,490,930","$481,793"
Galatasaray Fan Token,$2.97,+1.74%,+10.54%,"$10,430,551","$1,096,485"
CWV Chain,$0.00294,+6.68%,+11.81%,"$10,411,234","$7,944"
Anchor,$0.8079,+1.19%,+1.58%,"$10,367,081","$6,408"
Idavoll Network,$0.01224,+4.69%,+26.38%,"$10,362,182","$397,373"
EOS Force,$0.01059,+18.85%,+33.24%,"$10,206,285","$86,838"
Lightning,$0.1608,-1.64%,-2.12%,"$10,337,332","$29,842"
Seascape Crowns,$4.76,+2.49%,+15.04%,"$10,325,563","$878,470"
Taraxa,$0.007664,+2.01%,+12.78%,"$10,293,348","$823,359"
Stakenet,$0.08332,+8.94%,+68.45%,"$10,363,492","$49,972"
Huobi Pool Token,$0.002208,-0.91%,+0.34%,"$10,280,887","$81,305"
0xBitcoin,$1.79,+1.06%,-1.06%,"$10,275,335","$370,452"
Lamden,$0.072,+4.78%,+6.91%,"$10,239,088","$707,852"
AXIA Coin,$8.95,+3.47%,+7.25%,"$10,226,117","$329,291"
Ispolink,$0.003991,+6.22%,+17.56%,"$10,189,636","$4,488,517"
WOOF,$0.0005675,-0.90%,+16.45%,"$10,159,527","$207,958"
Bithao,$0.1871,-0.00%,+0.04%,"$10,135,788",N/A
BnkToTheFuture,$0.01387,-2.60%,+7.19%,"$10,123,551","$28,222"
Credits,$0.04518,-5.93%,-21.94%,"$10,095,789","$323,878"
Dexlab,$0.192,+9.74%,+8.07%,"$10,083,361","$140,367"
Tranche Finance,$0.5031,+1.00%,+4.84%,"$10,061,906","$60,577"
Bridge Mutual,$0.155,+2.57%,+9.21%,"$10,027,649","$93,346"
Modefi,$0.6888,-0.34%,+10.09%,"$10,022,734","$92,600"
FREEdom Coin,$0.000001006,+1.51%,-3.18%,"$9,997,267","$290,308"
KCCPAD,$0.0733,-2.42%,+9.53%,"$9,979,034","$125,015"
Tokenomy,$0.04979,+2.72%,+9.15%,"$9,957,227","$107,830"
TrustVerse,$0.01534,+1.24%,+9.59%,"$9,935,609","$110,400"
ExNetwork Token,$0.1576,+2.75%,+13.13%,"$9,936,374",$199
Kromatika,$0.1235,-7.52%,+40.10%,"$9,917,675","$390,095"
DAFI Protocol,$0.0183,+2.26%,+3.18%,"$9,897,748","$390,823"
NerveNetwork,$0.03564,-6.11%,+13.31%,"$9,881,784","$230,708"
Chainge,$0.0895,-0.10%,-5.09%,"$9,849,141","$178,623"
ROOBEE,$0.003857,+2.27%,+32.31%,"$9,836,420","$1,591,286"
Prism,$0.01984,-6.30%,-8.08%,"$9,815,872","$262,250"
Mirrored Alibaba,$131.88,+4.63%,+4.08%,"$9,789,062","$523,134"
Morpheus Labs,$0.02086,-2.69%,+46.36%,"$9,722,977","$167,289"
TNC Coin,$0.001655,+3.47%,-57.30%,"$9,684,460","$1,342,465"
DOGGY,$0.002395,+3.32%,+17.99%,"$9,682,517","$444,384"
Juventus Fan Token,$7.34,+7.79%,+22.63%,"$9,665,520","$7,762,077"
STARSHIP,$0.5093,-5.51%,+7.65%,"$9,629,624","$42,296"
Rangers Protocol,$10.49,-0.95%,+1.48%,"$9,600,825","$101,486"
FaraLand,$0.4486,-3.44%,+3.28%,"$9,591,841","$1,444,172"
Stafi,$0.8527,+6.47%,+18.59%,"$9,564,726","$7,899,045"
WagyuSwap,$0.1754,+2.34%,+32.40%,"$9,501,463","$151,912"
MicroPets,$0.00000189,+1.09%,+28.77%,"$9,462,547","$220,031"
Blocery,$0.02237,+0.32%,+6.62%,"$9,456,923","$845,766"
Mirrored United States Oil Fund,$63.34,+0.80%,+3.68%,"$9,445,610","$145,652"
STEM CELL COIN,$0.02939,+0.91%,+18.73%,"$9,424,902",N/A
Don-key,$0.224,-2.45%,-7.90%,"$9,422,078","$227,126"
SONM (BEP-20),$0.2107,+8.28%,+7.79%,"$9,355,314","$198,269"
Mirrored Invesco QQQ Trust,$371.49,+2.22%,+1.22%,"$9,344,730","$80,288"
Enecuum,$0.04695,-0.80%,+20.33%,"$9,344,354","$154,270"
Mirrored Microsoft,$315.39,+2.28%,+0.25%,"$9,334,049","$81,610"
Swop,$4.50,+0.31%,-7.52%,"$9,280,162","$51,562"
Paribus,$0.0183,+2.17%,+6.02%,"$9,264,773","$735,449"
Goldcoin,$0.2119,-3.35%,-10.30%,"$9,255,990","$26,362"
Robonomics.network,$8.89,+4.99%,+14.76%,"$9,246,463","$822,097"
Oddz,$0.1976,+0.67%,+12.01%,"$9,242,807","$556,010"
Moeda Loyalty Points,$0.4697,+5.36%,+24.67%,"$9,220,538","$2,118,882"
Anchor Neural World,$0.0333,+1.31%,+17.05%,"$9,167,894","$5,972,518"
Attila,$0.02029,+84.43%,+90.59%,"$9,139,583","$2,934,704"
BaaSid,$0.001772,+1.28%,+3.24%,"$9,087,567","$257,045"
Atomic Wallet Coin,$0.8564,-3.23%,+0.76%,"$9,081,431","$34,545"
Xend Finance,$0.1142,+3.98%,+11.05%,"$9,048,726","$276,772"
Decentr,$0.08878,+1.63%,+17.44%,"$8,990,931","$282,210"
TriumphX,$0.003325,-2.51%,-2.97%,"$8,964,965","$285,747"
Juggernaut,$0.2256,-1.31%,+2.10%,"$8,925,600","$567,726"
Mirrored Amazon,"$3,262.27",-0.23%,+6.94%,"$8,909,927","$151,776"
Kalao,$0.2856,+10.98%,+35.00%,"$8,891,796","$680,167"
Aidos Kuneen,$0.3536,+2.57%,-0.93%,"$8,840,225","$238,745"
SALT,$0.1099,+4.49%,+18.07%,"$8,820,215","$15,464"
TenX,$0.04295,+9.56%,+22.84%,"$8,815,103","$1,458,456"
Smartlands Network,$1.73,+4.26%,-13.18%,"$8,800,535","$31,231"
PECULIUM (old),$0.004111,+3.46%,+29.33%,"$8,762,366",$1
CBC.network,$0.05618,-9.36%,+33.46%,"$8,756,486","$672,058"
Gate,$0.01624,+1.48%,+0.51%,"$8,718,108","$13,353"
Plasma Finance,$0.07042,+2.62%,+55.33%,"$8,670,143","$274,653"
SolChicks Token,$0.03532,-3.40%,+18.49%,"$8,669,827","$790,250"
Rainbow Token,$0.00000001005,-2.62%,-6.23%,"$8,647,819","$390,852"
POA Network,$0.02931,+21.33%,-67.81%,"$8,645,051",$146
Innovation Blockchain Payment,$0.04576,-5.06%,-8.52%,"$8,603,130","$51,969"
ThreeFold,$0.1055,-4.46%,-1.59%,"$8,564,388","$50,080"
King Shiba,$0.02281,-3.20%,+16.78%,"$8,520,612","$260,051"
Mysterium,$0.4223,-5.78%,+24.91%,"$8,460,962","$72,937"
LABS Group,$0.004044,-0.55%,+8.30%,"$8,433,102","$70,785"
TOWER,$0.03531,+8.85%,+21.43%,"$8,389,895","$641,436"
Nord Finance,$2.12,+15.85%,+25.19%,"$8,369,374","$925,232"
BiFi,$0.03425,+3.25%,+9.77%,"$8,356,200","$67,843"
Thorstarter,$0.103,+1.42%,+1.50%,"$8,299,169","$376,924"
Public Mint,$0.1006,+2.68%,-7.22%,"$8,290,809","$41,380"
Mirrored Netflix,$423.86,+0.55%,-2.65%,"$8,228,413","$180,360"
Dentacoin,$0.00001398,-3.08%,-1.73%,"$8,222,095","$286,520"
Meter Governance,$2.59,-4.28%,-6.33%,"$8,222,077","$826,262"
Bifrost (BNC),$0.8059,+1.57%,+2.26%,"$8,176,918","$116,640"
Pundi X NEM,$0.0001829,+2.38%,+7.62%,"$8,172,180","$2,262"
Receive Access Ecosystem,$1.32,+2.45%,-2.55%,"$8,136,076","$16,419"
Lambda,$0.005309,+0.91%,+10.93%,"$8,124,698","$696,880"
GAMB,$0.001619,+0.81%,+5.41%,"$8,096,169","$74,888"
Arcona,$0.5251,+5.55%,+6.41%,"$8,052,870","$51,738"
Geeq,$0.6625,+8.33%,+21.68%,"$8,031,518","$290,544"
PRIZM,$0.002721,-1.71%,-9.99%,"$8,030,370","$371,480"
Hord,$0.09851,+12.84%,+63.84%,"$8,027,272","$866,265"
Monsta Infinite,$0.4572,-4.23%,+12.31%,"$8,003,234","$938,841"
Defina Finance,$1.06,-4.96%,+35.61%,"$7,992,628","$2,010,884"
SpaceFalcon,$0.003001,-3.47%,-20.90%,"$7,992,519","$299,392"
Litecoin Cash,$0.01064,+7.46%,+25.35%,"$7,989,204",$371
Bitcoin Private,$1.66,+12.46%,+36.47%,"$7,960,320",$364
Kattana,$3.80,+5.20%,+7.14%,"$7,918,124","$218,533"
DEEPSPACE,$0.1492,+12.36%,+45.01%,"$7,892,091","$404,594"
Linker Coin,$0.06973,+22.36%,+35.13%,"$7,864,086","$7,175"
Virtue Poker,$0.07914,-2.29%,+10.43%,"$7,846,989","$391,080"
DeFiner,$0.1085,+3.29%,-22.43%,"$7,801,189","$330,666"
Dogs Of Elon,$0.04029,-1.14%,+14.22%,"$7,740,694","$1,488,768"
ClassicDoge,$0.000558,-15.23%,+38.06%,"$7,703,528","$1,334,183"
Swash,$0.06329,+11.67%,+44.95%,"$7,686,517","$785,839"
Lith Token,$0.001396,-1.37%,-4.49%,"$7,678,942","$10,808"
PulsePad,$0.04614,-5.06%,+10.43%,"$7,645,462","$198,330"
Sonar,$0.002825,+3.79%,+1.65%,"$7,638,560","$30,285"
Waves Enterprise,$0.181,+9.42%,+16.00%,"$7,595,716","$472,986"
ZooKeeper,$0.07194,+8.60%,+16.67%,"$7,592,028","$219,826"
Mirrored Twitter,$39.82,+4.30%,+9.95%,"$7,576,131","$212,690"
Wall Street Games,$0.00000002423,+1.98%,+7.40%,"$7,554,248","$2,035,544"
Jigstack,$0.004224,-1.50%,+16.66%,"$7,450,060","$54,111"
Pacoca,$0.06442,+10.52%,-12.73%,"$7,444,079","$243,332"
Unbound,$0.008313,-1.84%,+14.53%,"$7,437,801","$217,069"
BHPCoin,$0.366,+48.67%,+29.99%,"$7,385,491","$491,375"
Green Ben,$0.4478,-2.00%,+16.05%,"$7,379,069","$20,552"
Degenerator Meme,$261.85,-6.68%,-3.89%,"$7,331,788","$79,618"
Venus DOT,$0.4396,+0.95%,+17.27%,"$7,319,814",N/A
Databroker,$0.08662,+9.46%,+7.00%,"$7,316,171","$9,404"
Covesting,$0.432,+3.60%,+8.18%,"$7,307,375","$320,609"
ARMOR,$0.04157,+4.63%,+11.34%,"$7,291,694","$81,417"
ClearDAO,$0.1,+0.26%,-21.57%,"$7,288,351","$1,103,098"
Bird.Money,$76.34,+4.17%,+27.72%,"$7,248,178","$92,663"
NFT,$0.1962,+0.00%,-1.27%,"$7,233,983","$43,415"
Coreto,$0.03163,-0.90%,-0.04%,"$7,220,758","$55,751"
Ghost,$0.3928,+8.71%,+21.21%,"$7,217,039","$83,408"
Ferrum Network,$0.09375,-0.47%,+3.27%,"$7,202,184","$729,215"
EasyFi,$2.84,+3.12%,+18.42%,"$7,170,108","$356,520"
Bao Finance,$0.0002091,+3.98%,+14.05%,"$7,123,241","$260,258"
AS Roma Fan Token,$3.33,+2.40%,+9.86%,"$7,106,291","$5,359,728"
YOYOW,$0.01389,+5.00%,+11.53%,"$7,093,600","$292,084"
Diamond,$1.94,+1.26%,+20.15%,"$7,092,212","$20,613"
ETHPad,$0.03546,-9.43%,+15.47%,"$7,071,721","$65,486"
StakeCubeCoin,$0.7584,+1.42%,+29.69%,"$7,029,172","$53,453"
BitcoinZ,$0.0006455,+10.68%,+7.72%,"$7,000,157","$500,903"
Furucombo,$0.2409,+2.66%,+13.34%,"$6,963,264","$367,671"
Bondly,$0.06663,+6.98%,+16.18%,"$6,927,656","$1,450,655"
CoinMerge (ERC-20),$0.001532,+3.86%,-7.61%,"$6,925,494","$35,479"
CyberFi Token,$3.50,+5.04%,+13.26%,"$6,921,695","$73,687"
Insights Network,$0.03509,-5.10%,+48.41%,"$6,904,364",$900
Eden,$0.5203,+8.25%,+7.04%,"$6,885,161","$1,506,011"
Binamon,$0.05953,+0.90%,+16.94%,"$6,872,921","$919,659"
Cryptocean,$0.8353,+2.21%,-2.53%,"$6,849,071","$120,656"
Medacoin,$0.00009707,-1.91%,-52.23%,"$6,848,314","$1,578,858"
Phantasma Energy,$0.09364,-0.69%,+24.75%,"$6,811,985","$29,171"
Garlicoin,$0.1034,+28.11%,+49.62%,"$6,800,950","$60,945"
Plian,$0.007966,+3.60%,+12.79%,"$6,784,709","$67,716"
FNDZ,$0.4406,+0.10%,+16.04%,"$6,770,343","$246,185"
Carboncoin,$0.0004386,+0.83%,+18.73%,"$6,751,603",N/A
Graviton,$1.86,-4.80%,-4.60%,"$6,744,314","$25,923"
Basid Coin,$0.007884,-1.05%,+8.70%,"$6,727,748","$965,871"
Botto,$0.3997,+0.04%,+16.18%,"$6,725,729","$195,406"
DECOIN,$0.1184,+0.83%,+18.73%,"$6,673,166",$57
Einsteinium,$0.02983,+2.35%,+58.31%,"$6,631,676","$12,577"
NFTrade,$0.373,+10.62%,+20.44%,"$6,626,544","$391,661"
Safex Token,$0.00351,-10.37%,-38.81%,"$6,620,295",$902
Binemon,$0.008431,-4.17%,+6.24%,"$6,617,452","$12,250,545"
Bone ShibaSwap,$0.9471,+10.11%,+60.13%,"$6,606,334","$11,710,011"
Konomi Network,$0.1609,+1.93%,+5.63%,"$6,585,585","$440,501"
Onooks,$0.6005,+2.65%,+12.99%,"$6,561,906","$239,122"
APIX,$0.05311,+7.51%,+28.77%,"$6,536,493","$329,793"
Empty Set Dollar,$0.01455,-3.46%,-7.19%,"$6,491,062","$94,805"
Dotmoovs,$0.01309,-0.70%,+31.27%,"$6,490,186","$201,124"
Synthetify,$1.15,-1.36%,-32.72%,"$6,487,484","$192,174"
Warena,$0.9366,+14.29%,+65.37%,"$6,427,356","$1,175,316"
Idle,$1.70,-0.13%,+16.71%,"$6,420,234","$89,365"
Growth DeFi,$14.77,+4.82%,-15.88%,"$6,402,695","$57,542"
DOSE,$0.1222,+70.97%,+38.28%,"$6,343,701","$4,987,611"
Gather,$0.06242,+6.54%,+32.69%,"$6,287,525","$404,756"
DeFi Yield Protocol,$0.3218,-4.52%,+2.95%,"$6,285,319","$1,193,942"
BEMIL Coin,$0.05415,-5.04%,+6.79%,"$6,245,308","$300,942"
Project TXA,$2.43,+0.67%,+0.12%,"$6,235,159","$361,274"
UpBots,$0.01509,+4.43%,+4.32%,"$6,201,884","$282,910"
ArdCoin,$0.02228,+19.11%,+16.16%,"$6,189,303","$111,263"
Tiger King,$0.000009578,+8.46%,+54.78%,"$6,187,542","$120,425"
Viberate,$0.03141,+2.75%,+21.43%,"$6,182,911","$358,841"
Jobchain,$0.0006552,-2.45%,-0.01%,"$6,161,992","$52,344"
All Sports,$0.004132,-17.68%,-29.64%,"$6,146,402","$743,231"
LaunchZone,$2.59,+5.18%,+9.89%,"$6,111,323","$76,381"
Nabox,$0.00004864,-1.80%,+14.77%,"$6,097,187","$1,534,267"
QLC Chain,$0.02527,+1.32%,+25.03%,"$6,063,794","$117,497"
Pawthereum,$0.007379,-0.31%,+18.83%,"$6,050,735","$8,393"
Polker,$0.07453,-2.00%,+29.83%,"$6,032,727","$1,136,472"
Tokoin,$0.03365,+26.09%,+78.39%,"$6,012,662","$1,659,873"
XY Finance,$1.32,-1.41%,+3.02%,"$5,999,474","$351,689"
AMLT,$0.01526,+0.87%,+3.78%,"$5,993,638","$11,590"
ChangeNOW Token,$0.07099,-9.21%,+44.05%,"$5,969,795","$7,672"
Gunstar Metaverse,$0.2886,+10.43%,+23.35%,"$5,953,408","$749,943"
Refinable,$0.1436,+0.62%,-2.45%,"$5,896,496","$727,842"
AcknoLedger,$0.2648,-1.40%,+64.81%,"$5,870,745","$98,369"
iMe Lab,$0.03729,-0.08%,-7.50%,"$5,867,940","$855,150"
DEXA COIN,$0.0002333,+1.45%,+7.35%,"$5,831,493","$569,418"
Vidulum,$0.3412,+2.19%,+72.46%,"$5,825,444","$2,788"
Rhythm,$0.0005456,+7.68%,+15.68%,"$5,822,477","$27,741"
LuaSwap,$0.04106,+3.05%,-17.39%,"$5,814,299","$123,866"
Venus DAI,$0.02104,-0.01%,+0.04%,"$5,776,316",N/A
CryptoBlades,$6.82,+3.54%,+5.82%,"$5,767,519","$1,302,665"
Mobilian Coin,$0.04067,-0.19%,+7.44%,"$5,754,309","$740,641"
1-UP Platform,$0.09994,+4.76%,+18.19%,"$5,713,628","$15,513"
Wownero,$0.1097,+3.74%,+36.16%,"$5,707,781","$12,575"
VIBE,$0.02191,+1.60%,+32.00%,"$5,699,414","$6,848"
1irstcoin,$0.1423,+1.99%,+3.39%,"$5,660,360","$12,700"
EUNO,$0.0008773,+0.83%,+9.52%,"$5,659,396",$518
Monolith,$0.1683,+2.50%,+0.93%,"$5,630,615",N/A
CACHE Gold,$60.39,+3.28%,+4.14%,"$5,623,919","$43,257"
Project Pai,$0.003522,+2.73%,+4.11%,"$5,601,730","$1,256,101"
FairGame,$0.005821,+11.39%,-36.83%,"$5,588,318","$3,919,168"
ColossusXT,$0.0004386,+0.82%,+18.72%,"$5,584,426",$88
OIN Finance,$0.169,-2.66%,+1.86%,"$5,568,389","$212,091"
HorusPay,$0.006372,+3.14%,+19.24%,"$5,562,088",N/A
TFL.io,$0.8893,-0.26%,-6.14%,"$5,555,833","$173,896"
Revolve Games,$0.2823,-1.95%,+28.57%,"$5,527,578","$85,910"
UniLayer,$0.2187,+6.18%,+24.83%,"$5,487,839","$677,397"
TOP,$0.0009951,-5.88%,+1.80%,"$5,485,259","$63,098"
CoverCompared,$0.07985,-0.40%,+10.48%,"$5,478,455","$156,708"
Hiveterminal Token,$0.01095,+0.51%,+48.77%,"$5,473,626",$672
Idena,$0.09651,+2.05%,+15.00%,"$5,471,709","$142,102"
The Crypto Prophecies,$0.0566,+7.14%,+39.51%,"$5,464,288","$508,743"
Razor Network,$0.02417,+3.50%,-4.21%,"$5,434,097","$430,390"
PRIVATEUM INITIATIVE,$0.8968,-9.59%,-15.36%,"$5,380,822","$31,868"
PolkaWar,$0.1916,+14.57%,+44.89%,"$5,379,088","$289,823"
Fenerbahe Token,$2.46,+0.72%,+2.87%,"$5,355,746","$929,864"
Adora Token,$0.03337,+32.26%,+32.26%,"$5,339,119","$45,149"
Hakka.Finance,$0.01484,+4.83%,+7.67%,"$5,319,423","$131,608"
Tixl,$0.07918,+5.48%,+12.51%,"$5,310,659","$162,921"
Sakura,$0.1002,+2.11%,+5.20%,"$5,309,462","$485,396"
Ripio Credit Network,$0.01035,+0.01%,+2.12%,"$5,262,038","$85,389"
Kalmar,$1.25,+8.81%,+5.18%,"$5,250,551","$169,807"
AXIS Token,$0.01639,+0.22%,-0.60%,"$5,248,575",$447
Achain,$0.005237,+7.72%,+17.27%,"$5,237,467","$412,095"
Duck DAO (DLP Duck Token),$0.1671,+4.06%,+8.18%,"$5,233,475","$41,326"
ALLY,$0.002272,-1.86%,+8.08%,"$5,225,494","$10,707"
Equalizer,$0.1395,+8.44%,+14.86%,"$5,222,531","$170,148"
Breezecoin,$0.02894,-2.09%,+26.28%,"$5,208,378","$27,297"
Swingby,$0.01642,-4.71%,+5.30%,"$5,202,839","$319,837"
NFT Index,"$2,328.85",+2.45%,+21.73%,"$5,193,737","$4,926"
HEROcoin,$0.02079,+13.22%,+33.93%,"$5,170,354","$63,229"
VestChain,$0.001308,+36.82%,+55.83%,"$5,161,210",$19
Yield Optimization Platform & Protocol,$0.2627,+0.20%,+18.24%,"$5,154,178","$149,638"
BOX Token,$0.05159,+1.96%,+18.98%,"$5,147,308",N/A
Graphlinq Protocol,$0.01508,-5.15%,+9.30%,"$5,127,622","$530,630"
Cirus Foundation,$0.1514,+0.05%,-23.44%,"$5,124,202","$2,969,607"
Skycoin,$0.2324,-0.39%,+5.88%,"$5,113,393","$120,435"
ZBG Token,$0.01942,+1.05%,+22.05%,"$5,105,645","$515,781"
Ubiq,$0.1193,+0.78%,+17.31%,"$5,084,225","$4,817"
Blocknet,$0.6009,+8.32%,+12.98%,"$5,064,748","$15,447"
Wagerr,$0.02316,+1.59%,-2.25%,"$5,020,832",$332
Chronicle,$0.2405,+17.72%,+22.99%,"$4,995,877","$1,951,325"
Polytrade,$0.4147,+3.17%,-0.09%,"$4,983,699","$548,014"
Ryoshi Token,$0.00000001758,+5.65%,+17.20%,"$4,974,116","$452,290"
RocketX,$0.07675,+5.53%,+1.42%,"$4,960,235","$34,737"
EvidenZ,$0.1282,+9.92%,+18.44%,"$4,948,143","$17,555"
MASQ,$0.1961,+3.82%,+17.46%,"$4,917,883","$135,463"
Iconic Token,$0.4971,+5.38%,+1.00%,"$4,909,892","$5,085"
Gulden,$0.008761,+5.96%,+26.22%,"$4,905,750","$34,523"
Vabble,$0.00754,-9.22%,+5.72%,"$4,885,279","$92,082"
Matrix AI Network,$0.02271,-0.50%,+13.36%,"$4,867,428","$632,892"
Olyseum,$0.003896,+3.21%,-1.87%,"$4,865,143","$19,171"
YUSRA,$0.1205,+0.41%,+3.87%,"$4,820,135","$9,912"
Crypton,$0.8008,-5.23%,-18.76%,"$4,810,077","$40,641"
ACENT,$0.03981,+8.26%,+36.13%,"$4,799,370","$1,206,297"
SaTT,$0.001476,-3.27%,-5.48%,"$4,791,076","$93,484"
CyberVein,$0.004511,+1.89%,+24.24%,"$4,782,982","$83,184"
Arsenal Fan Token,$2.38,+2.83%,+7.34%,"$4,775,596","$684,700"
OG Fan Token,$3.73,+3.62%,+18.04%,"$4,751,835","$4,655,248"
Woodcoin,$0.5883,-1.83%,+141.50%,"$4,726,928","$7,482"
Nafter,$0.009358,+3.67%,+8.27%,"$4,678,864","$1,785,029"
YF Link,$90.45,-5.29%,+11.24%,"$4,658,548","$267,885"
UFC Fan Token,$2.56,+6.17%,+12.08%,"$4,645,236","$369,016"
RealFevr,$0.002849,+3.86%,+16.68%,"$4,643,499","$304,738"
Shard,$0.2713,+4.32%,+37.62%,"$4,634,581","$15,723"
YAM V3,$0.351,+4.51%,+22.28%,"$4,601,115","$815,068"
BOLT,$0.004639,+1.88%,+11.80%,"$4,595,981","$87,904"
Brokoli Network,$0.195,-6.62%,+54.45%,"$4,575,558","$341,845"
Fear,$0.6996,+4.55%,+24.69%,"$4,569,106","$346,803"
